,wave,telluric
0,6250.0,1.0
1,6250.01,1.0
2,6250.02,1.0
3,6250.03,1.0
4,6250.04,1.0
5,6250.05,1.0
6,6250.06,1.0
7,6250.07,1.0
8,6250.08,1.0
9,6250.09,1.0
10,6250.1,1.0
11,6250.11,1.0
12,6250.12,1.0
13,6250.13,1.0
14,6250.14,1.0
15,6250.15,1.0
16,6250.16,1.0
17,6250.17,1.0
18,6250.18,1.0
19,6250.19,1.0
20,6250.2,1.0
21,6250.21,1.0
22,6250.22,1.0
23,6250.23,1.0
24,6250.24,1.0
25,6250.25,1.0
26,6250.26,1.0
27,6250.27,1.0
28,6250.28,1.0
29,6250.29,1.0
30,6250.3,1.0
31,6250.31,1.0
32,6250.32,1.0
33,6250.33,1.0
34,6250.34,1.0
35,6250.35,1.0
36,6250.36,1.0
37,6250.37,1.0
38,6250.38,1.0
39,6250.39,1.0
40,6250.4,1.0
41,6250.41,1.0
42,6250.42,1.0
43,6250.43,1.0
44,6250.44,1.0
45,6250.45,1.0
46,6250.46,1.0
47,6250.47,1.0
48,6250.48,1.0
49,6250.49,1.0
50,6250.5,1.0
51,6250.51,1.0
52,6250.52,1.0
53,6250.53,1.0
54,6250.54,1.0
55,6250.55,1.0
56,6250.56,1.0
57,6250.57,1.0
58,6250.58,1.0
59,6250.59,1.0
60,6250.6,1.0
61,6250.61,1.0
62,6250.62,1.0
63,6250.63,1.0
64,6250.64,1.0
65,6250.65,1.0
66,6250.66,1.0
67,6250.67,1.0
68,6250.68,1.0
69,6250.69,1.0
70,6250.7,1.0
71,6250.71,1.0
72,6250.72,1.0
73,6250.73,1.0
74,6250.74,1.0
75,6250.75,1.0
76,6250.76,1.0
77,6250.77,1.0
78,6250.78,1.0
79,6250.79,1.0
80,6250.8,1.0
81,6250.81,1.0
82,6250.82,1.0
83,6250.83,1.0
84,6250.84,1.0
85,6250.85,1.0
86,6250.86,1.0
87,6250.87,1.0
88,6250.88,1.0
89,6250.89,1.0
90,6250.9,1.0
91,6250.91,1.0
92,6250.92,1.0
93,6250.93,1.0
94,6250.94,1.0
95,6250.95,1.0
96,6250.96,1.0
97,6250.97,1.0
98,6250.98,1.0
99,6250.99,1.0
100,6251.0,1.0
101,6251.01,1.0
102,6251.02,1.0
103,6251.03,1.0
104,6251.04,1.0
105,6251.05,1.0
106,6251.06,1.0
107,6251.07,1.0
108,6251.08,1.0
109,6251.09,1.0
110,6251.1,1.0
111,6251.11,1.0
112,6251.12,1.0
113,6251.13,1.0
114,6251.14,1.0
115,6251.15,1.0
116,6251.16,1.0
117,6251.17,1.0
118,6251.18,1.0
119,6251.19,1.0
120,6251.2,1.0
121,6251.21,1.0
122,6251.22,1.0
123,6251.23,1.0
124,6251.24,1.0
125,6251.25,1.0
126,6251.26,1.0
127,6251.27,1.0
128,6251.28,1.0
129,6251.29,1.0
130,6251.3,1.0
131,6251.31,1.0
132,6251.32,1.0
133,6251.33,1.0
134,6251.34,1.0
135,6251.35,1.0
136,6251.36,1.0
137,6251.37,1.0
138,6251.38,1.0
139,6251.39,1.0
140,6251.4,1.0
141,6251.41,1.0
142,6251.42,1.0
143,6251.43,1.0
144,6251.44,1.0
145,6251.45,1.0
146,6251.46,1.0
147,6251.47,1.0
148,6251.48,1.0
149,6251.49,1.0
150,6251.5,1.0
151,6251.51,1.0
152,6251.52,1.0
153,6251.53,1.0
154,6251.54,1.0
155,6251.55,1.0
156,6251.56,1.0
157,6251.57,1.0
158,6251.58,1.0
159,6251.59,1.0
160,6251.6,1.0
161,6251.61,1.0
162,6251.62,1.0
163,6251.63,1.0
164,6251.64,1.0
165,6251.65,1.0
166,6251.66,1.0
167,6251.67,1.0
168,6251.68,1.0
169,6251.69,1.0
170,6251.7,1.0
171,6251.71,1.0
172,6251.72,1.0
173,6251.73,1.0
174,6251.74,1.0
175,6251.75,1.0
176,6251.76,1.0
177,6251.77,1.0
178,6251.78,1.0
179,6251.79,1.0
180,6251.8,1.0
181,6251.81,1.0
182,6251.82,1.0
183,6251.83,1.0
184,6251.84,1.0
185,6251.85,1.0
186,6251.86,1.0
187,6251.87,1.0
188,6251.88,1.0
189,6251.89,1.0
190,6251.9,1.0
191,6251.91,1.0
192,6251.92,1.0
193,6251.93,1.0
194,6251.94,1.0
195,6251.95,1.0
196,6251.96,1.0
197,6251.97,1.0
198,6251.98,1.0
199,6251.99,1.0
200,6252.0,1.0
201,6252.01,1.0
202,6252.02,1.0
203,6252.03,1.0
204,6252.04,1.0
205,6252.05,1.0
206,6252.06,1.0
207,6252.07,1.0
208,6252.08,1.0
209,6252.09,1.0
210,6252.1,1.0
211,6252.11,1.0
212,6252.12,1.0
213,6252.13,1.0
214,6252.14,1.0
215,6252.15,1.0
216,6252.16,1.0
217,6252.17,1.0
218,6252.18,1.0
219,6252.19,1.0
220,6252.2,1.0
221,6252.21,1.0
222,6252.22,1.0
223,6252.23,1.0
224,6252.24,1.0
225,6252.25,1.0
226,6252.26,1.0
227,6252.27,1.0
228,6252.28,1.0
229,6252.29,1.0
230,6252.3,1.0
231,6252.31,1.0
232,6252.32,1.0
233,6252.33,1.0
234,6252.34,1.0
235,6252.35,1.0
236,6252.36,1.0
237,6252.37,1.0
238,6252.38,1.0
239,6252.39,1.0
240,6252.4,1.0
241,6252.41,1.0
242,6252.42,1.0
243,6252.43,1.0
244,6252.44,1.0
245,6252.45,1.0
246,6252.46,1.0
247,6252.47,1.0
248,6252.48,1.0
249,6252.49,1.0
250,6252.5,1.0
251,6252.51,1.0
252,6252.52,1.0
253,6252.53,1.0
254,6252.54,1.0
255,6252.55,1.0
256,6252.56,1.0
257,6252.57,1.0
258,6252.58,1.0
259,6252.59,1.0
260,6252.6,1.0
261,6252.61,1.0
262,6252.62,1.0
263,6252.63,1.0
264,6252.64,1.0
265,6252.65,1.0
266,6252.66,1.0
267,6252.67,1.0
268,6252.68,1.0
269,6252.69,1.0
270,6252.7,1.0
271,6252.71,1.0
272,6252.72,1.0
273,6252.73,1.0
274,6252.74,1.0
275,6252.75,1.0
276,6252.76,1.0
277,6252.77,1.0
278,6252.78,1.0
279,6252.79,1.0
280,6252.8,1.0
281,6252.81,1.0
282,6252.82,1.0
283,6252.83,1.0
284,6252.84,1.0
285,6252.85,1.0
286,6252.86,1.0
287,6252.87,1.0
288,6252.88,1.0
289,6252.89,1.0
290,6252.9,1.0
291,6252.91,1.0
292,6252.92,1.0
293,6252.93,1.0
294,6252.94,1.0
295,6252.95,1.0
296,6252.96,1.0
297,6252.97,1.0
298,6252.98,1.0
299,6252.99,1.0
300,6253.0,1.0
301,6253.01,1.0
302,6253.02,1.0
303,6253.03,1.0
304,6253.04,1.0
305,6253.05,1.0
306,6253.06,1.0
307,6253.07,1.0
308,6253.08,1.0
309,6253.09,1.0
310,6253.1,1.0
311,6253.11,1.0
312,6253.12,1.0
313,6253.13,1.0
314,6253.14,1.0
315,6253.15,1.0
316,6253.16,1.0
317,6253.17,1.0
318,6253.18,1.0
319,6253.19,1.0
320,6253.2,1.0
321,6253.21,1.0
322,6253.22,1.0
323,6253.23,1.0
324,6253.24,1.0
325,6253.25,1.0
326,6253.26,1.0
327,6253.27,1.0
328,6253.28,1.0
329,6253.29,1.0
330,6253.3,1.0
331,6253.31,1.0
332,6253.32,1.0
333,6253.33,1.0
334,6253.34,1.0
335,6253.35,1.0
336,6253.36,1.0
337,6253.37,1.0
338,6253.38,1.0
339,6253.39,1.0
340,6253.4,1.0
341,6253.41,1.0
342,6253.42,1.0
343,6253.43,1.0
344,6253.44,1.0
345,6253.45,1.0
346,6253.46,1.0
347,6253.47,1.0
348,6253.48,1.0
349,6253.49,1.0
350,6253.5,1.0
351,6253.51,1.0
352,6253.52,1.0
353,6253.53,1.0
354,6253.54,1.0
355,6253.55,1.0
356,6253.56,1.0
357,6253.57,1.0
358,6253.58,1.0
359,6253.59,1.0
360,6253.6,1.0
361,6253.61,1.0
362,6253.62,1.0
363,6253.63,1.0
364,6253.64,1.0
365,6253.65,1.0
366,6253.66,1.0
367,6253.67,1.0
368,6253.68,1.0
369,6253.69,1.0
370,6253.7,1.0
371,6253.71,1.0
372,6253.72,1.0
373,6253.73,1.0
374,6253.74,1.0
375,6253.75,1.0
376,6253.76,1.0
377,6253.77,1.0
378,6253.78,1.0
379,6253.79,1.0
380,6253.8,1.0
381,6253.81,1.0
382,6253.82,1.0
383,6253.83,1.0
384,6253.84,1.0
385,6253.85,1.0
386,6253.86,1.0
387,6253.87,1.0
388,6253.88,1.0
389,6253.89,1.0
390,6253.9,1.0
391,6253.91,1.0
392,6253.92,1.0
393,6253.93,1.0
394,6253.94,1.0
395,6253.95,1.0
396,6253.96,1.0
397,6253.97,1.0
398,6253.98,1.0
399,6253.99,1.0
400,6254.0,1.0
401,6254.01,1.0
402,6254.02,1.0
403,6254.03,1.0
404,6254.04,1.0
405,6254.05,1.0
406,6254.06,1.0
407,6254.07,1.0
408,6254.08,1.0
409,6254.09,1.0
410,6254.1,1.0
411,6254.11,1.0
412,6254.12,1.0
413,6254.13,1.0
414,6254.14,1.0
415,6254.15,1.0
416,6254.16,1.0
417,6254.17,1.0
418,6254.18,1.0
419,6254.19,1.0
420,6254.2,1.0
421,6254.21,1.0
422,6254.22,1.0
423,6254.23,1.0
424,6254.24,1.0
425,6254.25,1.0
426,6254.26,1.0
427,6254.27,1.0
428,6254.28,1.0
429,6254.29,1.0
430,6254.3,1.0
431,6254.31,1.0
432,6254.32,1.0
433,6254.33,1.0
434,6254.34,1.0
435,6254.35,1.0
436,6254.36,1.0
437,6254.37,1.0
438,6254.38,1.0
439,6254.39,1.0
440,6254.4,1.0
441,6254.41,1.0
442,6254.42,1.0
443,6254.43,1.0
444,6254.44,1.0
445,6254.45,1.0
446,6254.46,1.0
447,6254.47,1.0
448,6254.48,1.0
449,6254.49,1.0
450,6254.5,1.0
451,6254.51,1.0
452,6254.52,1.0
453,6254.53,1.0
454,6254.54,1.0
455,6254.55,1.0
456,6254.56,1.0
457,6254.57,1.0
458,6254.58,1.0
459,6254.59,1.0
460,6254.6,1.0
461,6254.61,1.0
462,6254.62,1.0
463,6254.63,1.0
464,6254.64,1.0
465,6254.65,1.0
466,6254.66,1.0
467,6254.67,1.0
468,6254.68,1.0
469,6254.69,1.0
470,6254.7,1.0
471,6254.71,1.0
472,6254.72,1.0
473,6254.73,1.0
474,6254.74,1.0
475,6254.75,1.0
476,6254.76,1.0
477,6254.77,1.0
478,6254.78,1.0
479,6254.79,1.0
480,6254.8,1.0
481,6254.81,1.0
482,6254.82,1.0
483,6254.83,1.0
484,6254.84,1.0
485,6254.85,1.0
486,6254.86,1.0
487,6254.87,1.0
488,6254.88,1.0
489,6254.89,1.0
490,6254.9,1.0
491,6254.91,1.0
492,6254.92,1.0
493,6254.93,1.0
494,6254.94,1.0
495,6254.95,1.0
496,6254.96,1.0
497,6254.97,1.0
498,6254.98,1.0
499,6254.99,1.0
500,6255.0,1.0
501,6255.01,1.0
502,6255.02,1.0
503,6255.03,1.0
504,6255.04,1.0
505,6255.05,1.0
506,6255.06,1.0
507,6255.07,1.0
508,6255.08,1.0
509,6255.09,1.0
510,6255.1,1.0
511,6255.11,1.0
512,6255.12,1.0
513,6255.13,1.0
514,6255.14,1.0
515,6255.15,1.0
516,6255.16,1.0
517,6255.17,1.0
518,6255.18,1.0
519,6255.19,1.0
520,6255.2,1.0
521,6255.21,1.0
522,6255.22,1.0
523,6255.23,1.0
524,6255.24,1.0
525,6255.25,1.0
526,6255.26,1.0
527,6255.27,1.0
528,6255.28,1.0
529,6255.29,1.0
530,6255.3,1.0
531,6255.31,1.0
532,6255.32,1.0
533,6255.33,1.0
534,6255.34,1.0
535,6255.35,1.0
536,6255.36,1.0
537,6255.37,1.0
538,6255.38,1.0
539,6255.39,1.0
540,6255.4,1.0
541,6255.41,1.0
542,6255.42,1.0
543,6255.43,1.0
544,6255.44,1.0
545,6255.45,1.0
546,6255.46,1.0
547,6255.47,1.0
548,6255.48,1.0
549,6255.49,1.0
550,6255.5,1.0
551,6255.51,1.0
552,6255.52,1.0
553,6255.53,1.0
554,6255.54,1.0
555,6255.55,1.0
556,6255.56,1.0
557,6255.57,1.0
558,6255.58,1.0
559,6255.59,1.0
560,6255.6,1.0
561,6255.61,1.0
562,6255.62,1.0
563,6255.63,1.0
564,6255.64,1.0
565,6255.65,1.0
566,6255.66,1.0
567,6255.67,1.0
568,6255.68,1.0
569,6255.69,1.0
570,6255.7,1.0
571,6255.71,1.0
572,6255.72,1.0
573,6255.73,1.0
574,6255.74,1.0
575,6255.75,1.0
576,6255.76,1.0
577,6255.77,1.0
578,6255.78,1.0
579,6255.79,1.0
580,6255.8,1.0
581,6255.81,1.0
582,6255.82,1.0
583,6255.83,1.0
584,6255.84,1.0
585,6255.85,1.0
586,6255.86,1.0
587,6255.87,1.0
588,6255.88,1.0
589,6255.89,1.0
590,6255.9,1.0
591,6255.91,1.0
592,6255.92,1.0
593,6255.93,1.0
594,6255.94,1.0
595,6255.95,1.0
596,6255.96,1.0
597,6255.97,1.0
598,6255.98,1.0
599,6255.99,1.0
600,6256.0,1.0
601,6256.01,1.0
602,6256.02,1.0
603,6256.03,1.0
604,6256.04,1.0
605,6256.05,1.0
606,6256.06,1.0
607,6256.07,1.0
608,6256.08,1.0
609,6256.09,1.0
610,6256.1,1.0
611,6256.11,1.0
612,6256.12,1.0
613,6256.13,1.0
614,6256.14,1.0
615,6256.15,1.0
616,6256.16,1.0
617,6256.17,1.0
618,6256.18,1.0
619,6256.19,1.0
620,6256.2,1.0
621,6256.21,1.0
622,6256.22,1.0
623,6256.23,1.0
624,6256.24,1.0
625,6256.25,1.0
626,6256.26,1.0
627,6256.27,1.0
628,6256.28,1.0
629,6256.29,1.0
630,6256.3,1.0
631,6256.31,1.0
632,6256.32,1.0
633,6256.33,1.0
634,6256.34,1.0
635,6256.35,1.0
636,6256.36,1.0
637,6256.37,1.0
638,6256.38,1.0
639,6256.39,1.0
640,6256.4,1.0
641,6256.41,1.0
642,6256.42,1.0
643,6256.43,1.0
644,6256.44,1.0
645,6256.45,1.0
646,6256.46,1.0
647,6256.47,1.0
648,6256.48,1.0
649,6256.49,1.0
650,6256.5,1.0
651,6256.51,1.0
652,6256.52,1.0
653,6256.53,1.0
654,6256.54,1.0
655,6256.55,1.0
656,6256.56,1.0
657,6256.57,1.0
658,6256.58,1.0
659,6256.59,1.0
660,6256.6,1.0
661,6256.61,1.0
662,6256.62,1.0
663,6256.63,1.0
664,6256.64,1.0
665,6256.65,1.0
666,6256.66,1.0
667,6256.67,1.0
668,6256.68,1.0
669,6256.69,1.0
670,6256.7,1.0
671,6256.71,1.0
672,6256.72,1.0
673,6256.73,1.0
674,6256.74,1.0
675,6256.75,1.0
676,6256.76,1.0
677,6256.77,1.0
678,6256.78,1.0
679,6256.79,1.0
680,6256.8,1.0
681,6256.81,1.0
682,6256.82,1.0
683,6256.83,1.0
684,6256.84,1.0
685,6256.85,1.0
686,6256.86,1.0
687,6256.87,1.0
688,6256.88,1.0
689,6256.89,1.0
690,6256.9,1.0
691,6256.91,1.0
692,6256.92,1.0
693,6256.93,1.0
694,6256.94,1.0
695,6256.95,1.0
696,6256.96,1.0
697,6256.97,1.0
698,6256.98,1.0
699,6256.99,1.0
700,6257.0,1.0
701,6257.01,1.0
702,6257.02,1.0
703,6257.03,1.0
704,6257.04,1.0
705,6257.05,1.0
706,6257.06,1.0
707,6257.07,1.0
708,6257.08,1.0
709,6257.09,1.0
710,6257.1,1.0
711,6257.11,1.0
712,6257.12,1.0
713,6257.13,1.0
714,6257.14,1.0
715,6257.15,1.0
716,6257.16,1.0
717,6257.17,1.0
718,6257.18,1.0
719,6257.19,1.0
720,6257.2,1.0
721,6257.21,1.0
722,6257.22,1.0
723,6257.23,1.0
724,6257.24,1.0
725,6257.25,1.0
726,6257.26,1.0
727,6257.27,1.0
728,6257.28,1.0
729,6257.29,1.0
730,6257.3,1.0
731,6257.31,1.0
732,6257.32,1.0
733,6257.33,1.0
734,6257.34,1.0
735,6257.35,1.0
736,6257.36,1.0
737,6257.37,1.0
738,6257.38,1.0
739,6257.39,1.0
740,6257.4,1.0
741,6257.41,1.0
742,6257.42,1.0
743,6257.43,1.0
744,6257.44,1.0
745,6257.45,1.0
746,6257.46,1.0
747,6257.47,1.0
748,6257.48,1.0
749,6257.49,1.0
750,6257.5,1.0
751,6257.51,1.0
752,6257.52,1.0
753,6257.53,1.0
754,6257.54,1.0
755,6257.55,1.0
756,6257.56,1.0
757,6257.57,1.0
758,6257.58,1.0
759,6257.59,1.0
760,6257.6,1.0
761,6257.61,1.0
762,6257.62,1.0
763,6257.63,1.0
764,6257.64,1.0
765,6257.65,1.0
766,6257.66,1.0
767,6257.67,1.0
768,6257.68,1.0
769,6257.69,1.0
770,6257.7,1.0
771,6257.71,1.0
772,6257.72,1.0
773,6257.73,1.0
774,6257.74,1.0
775,6257.75,1.0
776,6257.76,1.0
777,6257.77,1.0
778,6257.78,1.0
779,6257.79,1.0
780,6257.8,1.0
781,6257.81,1.0
782,6257.82,1.0
783,6257.83,1.0
784,6257.84,1.0
785,6257.85,1.0
786,6257.86,1.0
787,6257.87,1.0
788,6257.88,1.0
789,6257.89,1.0
790,6257.9,1.0
791,6257.91,1.0
792,6257.92,1.0
793,6257.93,1.0
794,6257.94,1.0
795,6257.95,1.0
796,6257.96,1.0
797,6257.97,1.0
798,6257.98,1.0
799,6257.99,1.0
800,6258.0,1.0
801,6258.01,1.0
802,6258.02,1.0
803,6258.03,1.0
804,6258.04,1.0
805,6258.05,1.0
806,6258.06,1.0
807,6258.07,1.0
808,6258.08,1.0
809,6258.09,1.0
810,6258.1,1.0
811,6258.11,1.0
812,6258.12,1.0
813,6258.13,1.0
814,6258.14,1.0
815,6258.15,1.0
816,6258.16,1.0
817,6258.17,1.0
818,6258.18,1.0
819,6258.19,1.0
820,6258.2,1.0
821,6258.21,1.0
822,6258.22,1.0
823,6258.23,1.0
824,6258.24,1.0
825,6258.25,1.0
826,6258.26,1.0
827,6258.27,1.0
828,6258.28,1.0
829,6258.29,1.0
830,6258.3,1.0
831,6258.31,1.0
832,6258.32,1.0
833,6258.33,1.0
834,6258.34,1.0
835,6258.35,1.0
836,6258.36,1.0
837,6258.37,1.0
838,6258.38,1.0
839,6258.39,1.0
840,6258.4,1.0
841,6258.41,1.0
842,6258.42,1.0
843,6258.43,1.0
844,6258.44,1.0
845,6258.45,1.0
846,6258.46,1.0
847,6258.47,1.0
848,6258.48,1.0
849,6258.49,1.0
850,6258.5,1.0
851,6258.51,1.0
852,6258.52,1.0
853,6258.53,1.0
854,6258.54,1.0
855,6258.55,1.0
856,6258.56,1.0
857,6258.57,1.0
858,6258.58,1.0
859,6258.59,1.0
860,6258.6,1.0
861,6258.61,1.0
862,6258.62,1.0
863,6258.63,1.0
864,6258.64,1.0
865,6258.65,1.0
866,6258.66,1.0
867,6258.67,1.0
868,6258.68,1.0
869,6258.69,1.0
870,6258.7,1.0
871,6258.71,1.0
872,6258.72,1.0
873,6258.73,1.0
874,6258.74,1.0
875,6258.75,1.0
876,6258.76,1.0
877,6258.77,1.0
878,6258.78,1.0
879,6258.79,1.0
880,6258.8,1.0
881,6258.81,1.0
882,6258.82,1.0
883,6258.83,1.0
884,6258.84,1.0
885,6258.85,1.0
886,6258.86,1.0
887,6258.87,1.0
888,6258.88,1.0
889,6258.89,1.0
890,6258.9,1.0
891,6258.91,1.0
892,6258.92,1.0
893,6258.93,1.0
894,6258.94,1.0
895,6258.95,1.0
896,6258.96,1.0
897,6258.97,1.0
898,6258.98,1.0
899,6258.99,1.0
900,6259.0,1.0
901,6259.01,1.0
902,6259.02,1.0
903,6259.03,1.0
904,6259.04,1.0
905,6259.05,1.0
906,6259.06,1.0
907,6259.07,1.0
908,6259.08,1.0
909,6259.09,1.0
910,6259.1,1.0
911,6259.11,1.0
912,6259.12,1.0
913,6259.13,1.0
914,6259.14,1.0
915,6259.15,1.0
916,6259.16,1.0
917,6259.17,1.0
918,6259.18,1.0
919,6259.19,1.0
920,6259.2,1.0
921,6259.21,1.0
922,6259.22,1.0
923,6259.23,1.0
924,6259.24,1.0
925,6259.25,1.0
926,6259.26,1.0
927,6259.27,1.0
928,6259.28,1.0
929,6259.29,1.0
930,6259.3,1.0
931,6259.31,1.0
932,6259.32,1.0
933,6259.33,1.0
934,6259.34,1.0
935,6259.35,1.0
936,6259.36,1.0
937,6259.37,1.0
938,6259.38,1.0
939,6259.39,1.0
940,6259.4,1.0
941,6259.41,1.0
942,6259.42,1.0
943,6259.43,1.0
944,6259.44,1.0
945,6259.45,1.0
946,6259.46,1.0
947,6259.47,1.0
948,6259.48,1.0
949,6259.49,1.0
950,6259.5,1.0
951,6259.51,1.0
952,6259.52,1.0
953,6259.53,1.0
954,6259.54,1.0
955,6259.55,1.0
956,6259.56,1.0
957,6259.57,1.0
958,6259.58,1.0
959,6259.59,1.0
960,6259.6,1.0
961,6259.61,1.0
962,6259.62,1.0
963,6259.63,1.0
964,6259.64,1.0
965,6259.65,1.0
966,6259.66,1.0
967,6259.67,1.0
968,6259.68,1.0
969,6259.69,1.0
970,6259.7,1.0
971,6259.71,1.0
972,6259.72,1.0
973,6259.73,1.0
974,6259.74,1.0
975,6259.75,1.0
976,6259.76,1.0
977,6259.77,1.0
978,6259.78,1.0
979,6259.79,1.0
980,6259.8,1.0
981,6259.81,1.0
982,6259.82,1.0
983,6259.83,1.0
984,6259.84,1.0
985,6259.85,1.0
986,6259.86,1.0
987,6259.87,1.0
988,6259.88,1.0
989,6259.89,1.0
990,6259.9,1.0
991,6259.91,1.0
992,6259.92,1.0
993,6259.93,1.0
994,6259.94,1.0
995,6259.95,1.0
996,6259.96,1.0
997,6259.97,1.0
998,6259.98,1.0
999,6259.99,1.0
1000,6260.0,1.0
1001,6260.01,1.0
1002,6260.02,1.0
1003,6260.03,1.0
1004,6260.04,1.0
1005,6260.05,1.0
1006,6260.06,1.0
1007,6260.07,1.0
1008,6260.08,1.0
1009,6260.09,1.0
1010,6260.1,1.0
1011,6260.11,1.0
1012,6260.12,1.0
1013,6260.13,1.0
1014,6260.14,1.0
1015,6260.15,1.0
1016,6260.16,1.0
1017,6260.17,1.0
1018,6260.18,1.0
1019,6260.19,1.0
1020,6260.2,1.0
1021,6260.21,1.0
1022,6260.22,1.0
1023,6260.23,1.0
1024,6260.24,1.0
1025,6260.25,1.0
1026,6260.26,1.0
1027,6260.27,1.0
1028,6260.28,1.0
1029,6260.29,1.0
1030,6260.3,1.0
1031,6260.31,1.0
1032,6260.32,1.0
1033,6260.33,1.0
1034,6260.34,1.0
1035,6260.35,1.0
1036,6260.36,1.0
1037,6260.37,1.0
1038,6260.38,1.0
1039,6260.39,1.0
1040,6260.4,1.0
1041,6260.41,1.0
1042,6260.42,1.0
1043,6260.43,1.0
1044,6260.44,1.0
1045,6260.45,1.0
1046,6260.46,1.0
1047,6260.47,1.0
1048,6260.48,1.0
1049,6260.49,1.0
1050,6260.5,1.0
1051,6260.51,1.0
1052,6260.52,1.0
1053,6260.53,1.0
1054,6260.54,1.0
1055,6260.55,1.0
1056,6260.56,1.0
1057,6260.57,1.0
1058,6260.58,1.0
1059,6260.59,1.0
1060,6260.6,1.0
1061,6260.61,1.0
1062,6260.62,1.0
1063,6260.63,1.0
1064,6260.64,1.0
1065,6260.65,1.0
1066,6260.66,1.0
1067,6260.67,1.0
1068,6260.68,1.0
1069,6260.69,1.0
1070,6260.7,1.0
1071,6260.71,1.0
1072,6260.72,1.0
1073,6260.73,1.0
1074,6260.74,1.0
1075,6260.75,1.0
1076,6260.76,1.0
1077,6260.77,1.0
1078,6260.78,1.0
1079,6260.79,1.0
1080,6260.8,1.0
1081,6260.81,1.0
1082,6260.82,1.0
1083,6260.83,1.0
1084,6260.84,1.0
1085,6260.85,1.0
1086,6260.86,1.0
1087,6260.87,1.0
1088,6260.88,1.0
1089,6260.89,1.0
1090,6260.9,1.0
1091,6260.91,1.0
1092,6260.92,1.0
1093,6260.93,1.0
1094,6260.94,1.0
1095,6260.95,1.0
1096,6260.96,1.0
1097,6260.97,1.0
1098,6260.98,1.0
1099,6260.99,1.0
1100,6261.0,1.0
1101,6261.01,1.0
1102,6261.02,1.0
1103,6261.03,1.0
1104,6261.04,1.0
1105,6261.05,1.0
1106,6261.06,1.0
1107,6261.07,1.0
1108,6261.08,1.0
1109,6261.09,1.0
1110,6261.1,1.0
1111,6261.11,1.0
1112,6261.12,1.0
1113,6261.13,1.0
1114,6261.14,1.0
1115,6261.15,1.0
1116,6261.16,1.0
1117,6261.17,1.0
1118,6261.18,1.0
1119,6261.19,1.0
1120,6261.2,1.0
1121,6261.21,1.0
1122,6261.22,1.0
1123,6261.23,1.0
1124,6261.24,1.0
1125,6261.25,1.0
1126,6261.26,1.0
1127,6261.27,1.0
1128,6261.28,1.0
1129,6261.29,1.0
1130,6261.3,1.0
1131,6261.31,1.0
1132,6261.32,1.0
1133,6261.33,1.0
1134,6261.34,1.0
1135,6261.35,1.0
1136,6261.36,1.0
1137,6261.37,1.0
1138,6261.38,1.0
1139,6261.39,1.0
1140,6261.4,1.0
1141,6261.41,1.0
1142,6261.42,1.0
1143,6261.43,1.0
1144,6261.44,1.0
1145,6261.45,1.0
1146,6261.46,1.0
1147,6261.47,1.0
1148,6261.48,1.0
1149,6261.49,1.0
1150,6261.5,1.0
1151,6261.51,1.0
1152,6261.52,1.0
1153,6261.53,1.0
1154,6261.54,1.0
1155,6261.55,1.0
1156,6261.56,1.0
1157,6261.57,1.0
1158,6261.58,1.0
1159,6261.59,1.0
1160,6261.6,1.0
1161,6261.61,1.0
1162,6261.62,1.0
1163,6261.63,1.0
1164,6261.64,1.0
1165,6261.65,1.0
1166,6261.66,1.0
1167,6261.67,1.0
1168,6261.68,1.0
1169,6261.69,1.0
1170,6261.7,1.0
1171,6261.71,1.0
1172,6261.72,1.0
1173,6261.73,1.0
1174,6261.74,1.0
1175,6261.75,1.0
1176,6261.76,1.0
1177,6261.77,1.0
1178,6261.78,1.0
1179,6261.79,1.0
1180,6261.8,1.0
1181,6261.81,1.0
1182,6261.82,1.0
1183,6261.83,1.0
1184,6261.84,1.0
1185,6261.85,1.0
1186,6261.86,1.0
1187,6261.87,1.0
1188,6261.88,1.0
1189,6261.89,1.0
1190,6261.9,1.0
1191,6261.91,1.0
1192,6261.92,1.0
1193,6261.93,1.0
1194,6261.94,1.0
1195,6261.95,1.0
1196,6261.96,1.0
1197,6261.97,1.0
1198,6261.98,1.0
1199,6261.99,1.0
1200,6262.0,1.0
1201,6262.01,1.0
1202,6262.02,1.0
1203,6262.03,1.0
1204,6262.04,1.0
1205,6262.05,1.0
1206,6262.06,1.0
1207,6262.07,1.0
1208,6262.08,1.0
1209,6262.09,1.0
1210,6262.1,1.0
1211,6262.11,1.0
1212,6262.12,1.0
1213,6262.13,1.0
1214,6262.14,1.0
1215,6262.15,1.0
1216,6262.16,1.0
1217,6262.17,1.0
1218,6262.18,1.0
1219,6262.19,1.0
1220,6262.2,1.0
1221,6262.21,1.0
1222,6262.22,1.0
1223,6262.23,1.0
1224,6262.24,1.0
1225,6262.25,1.0
1226,6262.26,1.0
1227,6262.27,1.0
1228,6262.28,1.0
1229,6262.29,1.0
1230,6262.3,1.0
1231,6262.31,1.0
1232,6262.32,1.0
1233,6262.33,1.0
1234,6262.34,1.0
1235,6262.35,1.0
1236,6262.36,1.0
1237,6262.37,1.0
1238,6262.38,1.0
1239,6262.39,1.0
1240,6262.4,1.0
1241,6262.41,1.0
1242,6262.42,1.0
1243,6262.43,1.0
1244,6262.44,1.0
1245,6262.45,1.0
1246,6262.46,1.0
1247,6262.47,1.0
1248,6262.48,1.0
1249,6262.49,1.0
1250,6262.5,1.0
1251,6262.51,1.0
1252,6262.52,1.0
1253,6262.53,1.0
1254,6262.54,1.0
1255,6262.55,1.0
1256,6262.56,1.0
1257,6262.57,1.0
1258,6262.58,1.0
1259,6262.59,1.0
1260,6262.6,1.0
1261,6262.61,1.0
1262,6262.62,1.0
1263,6262.63,1.0
1264,6262.64,1.0
1265,6262.65,1.0
1266,6262.66,1.0
1267,6262.67,1.0
1268,6262.68,1.0
1269,6262.69,1.0
1270,6262.7,1.0
1271,6262.71,1.0
1272,6262.72,1.0
1273,6262.73,1.0
1274,6262.74,1.0
1275,6262.75,1.0
1276,6262.76,1.0
1277,6262.77,1.0
1278,6262.78,1.0
1279,6262.79,1.0
1280,6262.8,1.0
1281,6262.81,1.0
1282,6262.82,1.0
1283,6262.83,1.0
1284,6262.84,1.0
1285,6262.85,1.0
1286,6262.86,1.0
1287,6262.87,1.0
1288,6262.88,1.0
1289,6262.89,1.0
1290,6262.9,1.0
1291,6262.91,1.0
1292,6262.92,1.0
1293,6262.93,1.0
1294,6262.94,1.0
1295,6262.95,1.0
1296,6262.96,1.0
1297,6262.97,1.0
1298,6262.98,1.0
1299,6262.99,1.0
1300,6263.0,1.0
1301,6263.01,1.0
1302,6263.02,1.0
1303,6263.03,1.0
1304,6263.04,1.0
1305,6263.05,1.0
1306,6263.06,1.0
1307,6263.07,1.0
1308,6263.08,1.0
1309,6263.09,1.0
1310,6263.1,1.0
1311,6263.11,1.0
1312,6263.12,1.0
1313,6263.13,1.0
1314,6263.14,1.0
1315,6263.15,1.0
1316,6263.16,1.0
1317,6263.17,1.0
1318,6263.18,1.0
1319,6263.19,1.0
1320,6263.2,1.0
1321,6263.21,1.0
1322,6263.22,1.0
1323,6263.23,1.0
1324,6263.24,1.0
1325,6263.25,1.0
1326,6263.26,1.0
1327,6263.27,1.0
1328,6263.28,1.0
1329,6263.29,1.0
1330,6263.3,1.0
1331,6263.31,1.0
1332,6263.32,1.0
1333,6263.33,1.0
1334,6263.34,1.0
1335,6263.35,1.0
1336,6263.36,1.0
1337,6263.37,1.0
1338,6263.38,1.0
1339,6263.39,1.0
1340,6263.4,1.0
1341,6263.41,1.0
1342,6263.42,1.0
1343,6263.43,1.0
1344,6263.44,1.0
1345,6263.45,1.0
1346,6263.46,1.0
1347,6263.47,1.0
1348,6263.48,1.0
1349,6263.49,1.0
1350,6263.5,1.0
1351,6263.51,1.0
1352,6263.52,1.0
1353,6263.53,1.0
1354,6263.54,1.0
1355,6263.55,1.0
1356,6263.56,1.0
1357,6263.57,1.0
1358,6263.58,1.0
1359,6263.59,1.0
1360,6263.6,1.0
1361,6263.61,1.0
1362,6263.62,1.0
1363,6263.63,1.0
1364,6263.64,1.0
1365,6263.65,1.0
1366,6263.66,1.0
1367,6263.67,1.0
1368,6263.68,1.0
1369,6263.69,1.0
1370,6263.7,1.0
1371,6263.71,1.0
1372,6263.72,1.0
1373,6263.73,1.0
1374,6263.74,1.0
1375,6263.75,1.0
1376,6263.76,1.0
1377,6263.77,1.0
1378,6263.78,1.0
1379,6263.79,1.0
1380,6263.8,1.0
1381,6263.81,1.0
1382,6263.82,1.0
1383,6263.83,1.0
1384,6263.84,1.0
1385,6263.85,1.0
1386,6263.86,1.0
1387,6263.87,1.0
1388,6263.88,1.0
1389,6263.89,1.0
1390,6263.9,1.0
1391,6263.91,1.0
1392,6263.92,1.0
1393,6263.93,1.0
1394,6263.94,1.0
1395,6263.95,1.0
1396,6263.96,1.0
1397,6263.97,1.0
1398,6263.98,1.0
1399,6263.99,1.0
1400,6264.0,1.0
1401,6264.01,1.0
1402,6264.02,1.0
1403,6264.03,1.0
1404,6264.04,1.0
1405,6264.05,1.0
1406,6264.06,1.0
1407,6264.07,1.0
1408,6264.08,1.0
1409,6264.09,1.0
1410,6264.1,1.0
1411,6264.11,1.0
1412,6264.12,1.0
1413,6264.13,1.0
1414,6264.14,1.0
1415,6264.15,1.0
1416,6264.16,1.0
1417,6264.17,1.0
1418,6264.18,1.0
1419,6264.19,1.0
1420,6264.2,1.0
1421,6264.21,1.0
1422,6264.22,1.0
1423,6264.23,1.0
1424,6264.24,1.0
1425,6264.25,1.0
1426,6264.26,1.0
1427,6264.27,1.0
1428,6264.28,1.0
1429,6264.29,1.0
1430,6264.3,1.0
1431,6264.31,1.0
1432,6264.32,1.0
1433,6264.33,1.0
1434,6264.34,1.0
1435,6264.35,1.0
1436,6264.36,1.0
1437,6264.37,1.0
1438,6264.38,1.0
1439,6264.39,1.0
1440,6264.4,1.0
1441,6264.41,1.0
1442,6264.42,1.0
1443,6264.43,1.0
1444,6264.44,1.0
1445,6264.45,1.0
1446,6264.46,1.0
1447,6264.47,1.0
1448,6264.48,1.0
1449,6264.49,1.0
1450,6264.5,1.0
1451,6264.51,1.0
1452,6264.52,1.0
1453,6264.53,1.0
1454,6264.54,1.0
1455,6264.55,1.0
1456,6264.56,1.0
1457,6264.57,1.0
1458,6264.58,1.0
1459,6264.59,1.0
1460,6264.6,1.0
1461,6264.61,1.0
1462,6264.62,1.0
1463,6264.63,1.0
1464,6264.64,1.0
1465,6264.65,1.0
1466,6264.66,1.0
1467,6264.67,1.0
1468,6264.68,1.0
1469,6264.69,1.0
1470,6264.7,1.0
1471,6264.71,1.0
1472,6264.72,1.0
1473,6264.73,1.0
1474,6264.74,1.0
1475,6264.75,1.0
1476,6264.76,1.0
1477,6264.77,1.0
1478,6264.78,1.0
1479,6264.79,1.0
1480,6264.8,1.0
1481,6264.81,1.0
1482,6264.82,1.0
1483,6264.83,1.0
1484,6264.84,1.0
1485,6264.85,1.0
1486,6264.86,1.0
1487,6264.87,1.0
1488,6264.88,1.0
1489,6264.89,1.0
1490,6264.9,1.0
1491,6264.91,1.0
1492,6264.92,1.0
1493,6264.93,1.0
1494,6264.94,1.0
1495,6264.95,1.0
1496,6264.96,1.0
1497,6264.97,1.0
1498,6264.98,1.0
1499,6264.99,1.0
1500,6265.0,1.0
1501,6265.01,1.0
1502,6265.02,1.0
1503,6265.03,1.0
1504,6265.04,1.0
1505,6265.05,1.0
1506,6265.06,1.0
1507,6265.07,1.0
1508,6265.08,1.0
1509,6265.09,1.0
1510,6265.1,1.0
1511,6265.11,1.0
1512,6265.12,1.0
1513,6265.13,1.0
1514,6265.14,1.0
1515,6265.15,1.0
1516,6265.16,1.0
1517,6265.17,1.0
1518,6265.18,1.0
1519,6265.19,1.0
1520,6265.2,1.0
1521,6265.21,1.0
1522,6265.22,1.0
1523,6265.23,1.0
1524,6265.24,1.0
1525,6265.25,1.0
1526,6265.26,1.0
1527,6265.27,1.0
1528,6265.28,1.0
1529,6265.29,1.0
1530,6265.3,1.0
1531,6265.31,1.0
1532,6265.32,1.0
1533,6265.33,1.0
1534,6265.34,1.0
1535,6265.35,1.0
1536,6265.36,1.0
1537,6265.37,1.0
1538,6265.38,1.0
1539,6265.39,1.0
1540,6265.4,1.0
1541,6265.41,1.0
1542,6265.42,1.0
1543,6265.43,1.0
1544,6265.44,1.0
1545,6265.45,1.0
1546,6265.46,1.0
1547,6265.47,1.0
1548,6265.48,1.0
1549,6265.49,1.0
1550,6265.5,1.0
1551,6265.51,1.0
1552,6265.52,1.0
1553,6265.53,1.0
1554,6265.54,1.0
1555,6265.55,1.0
1556,6265.56,1.0
1557,6265.57,1.0
1558,6265.58,1.0
1559,6265.59,1.0
1560,6265.6,1.0
1561,6265.61,1.0
1562,6265.62,1.0
1563,6265.63,1.0
1564,6265.64,1.0
1565,6265.65,1.0
1566,6265.66,1.0
1567,6265.67,1.0
1568,6265.68,1.0
1569,6265.69,1.0
1570,6265.7,1.0
1571,6265.71,1.0
1572,6265.72,1.0
1573,6265.73,1.0
1574,6265.74,1.0
1575,6265.75,1.0
1576,6265.76,1.0
1577,6265.77,1.0
1578,6265.78,1.0
1579,6265.79,1.0
1580,6265.8,1.0
1581,6265.81,1.0
1582,6265.82,1.0
1583,6265.83,1.0
1584,6265.84,1.0
1585,6265.85,1.0
1586,6265.86,1.0
1587,6265.87,1.0
1588,6265.88,1.0
1589,6265.89,1.0
1590,6265.9,1.0
1591,6265.91,1.0
1592,6265.92,1.0
1593,6265.93,1.0
1594,6265.94,1.0
1595,6265.95,1.0
1596,6265.96,1.0
1597,6265.97,1.0
1598,6265.98,1.0
1599,6265.99,1.0
1600,6266.0,1.0
1601,6266.01,1.0
1602,6266.02,1.0
1603,6266.03,1.0
1604,6266.04,1.0
1605,6266.05,1.0
1606,6266.06,1.0
1607,6266.07,1.0
1608,6266.08,1.0
1609,6266.09,1.0
1610,6266.1,1.0
1611,6266.11,1.0
1612,6266.12,1.0
1613,6266.13,1.0
1614,6266.14,1.0
1615,6266.15,1.0
1616,6266.16,1.0
1617,6266.17,1.0
1618,6266.18,1.0
1619,6266.19,1.0
1620,6266.2,1.0
1621,6266.21,1.0
1622,6266.22,1.0
1623,6266.23,1.0
1624,6266.24,1.0
1625,6266.25,1.0
1626,6266.26,1.0
1627,6266.27,1.0
1628,6266.28,1.0
1629,6266.29,1.0
1630,6266.3,1.0
1631,6266.31,1.0
1632,6266.32,1.0
1633,6266.33,1.0
1634,6266.34,1.0
1635,6266.35,1.0
1636,6266.36,1.0
1637,6266.37,1.0
1638,6266.38,1.0
1639,6266.39,1.0
1640,6266.4,1.0
1641,6266.41,1.0
1642,6266.42,1.0
1643,6266.43,1.0
1644,6266.44,1.0
1645,6266.45,1.0
1646,6266.46,1.0
1647,6266.47,1.0
1648,6266.48,1.0
1649,6266.49,1.0
1650,6266.5,1.0
1651,6266.51,1.0
1652,6266.52,1.0
1653,6266.53,1.0
1654,6266.54,1.0
1655,6266.55,1.0
1656,6266.56,1.0
1657,6266.57,1.0
1658,6266.58,1.0
1659,6266.59,1.0
1660,6266.6,1.0
1661,6266.61,1.0
1662,6266.62,1.0
1663,6266.63,1.0
1664,6266.64,1.0
1665,6266.65,1.0
1666,6266.66,1.0
1667,6266.67,1.0
1668,6266.68,1.0
1669,6266.69,1.0
1670,6266.7,1.0
1671,6266.71,1.0
1672,6266.72,1.0
1673,6266.73,1.0
1674,6266.74,1.0
1675,6266.75,1.0
1676,6266.76,1.0
1677,6266.77,1.0
1678,6266.78,1.0
1679,6266.79,1.0
1680,6266.8,1.0
1681,6266.81,1.0
1682,6266.82,1.0
1683,6266.83,1.0
1684,6266.84,1.0
1685,6266.85,1.0
1686,6266.86,1.0
1687,6266.87,1.0
1688,6266.88,1.0
1689,6266.89,1.0
1690,6266.9,1.0
1691,6266.91,1.0
1692,6266.92,1.0
1693,6266.93,1.0
1694,6266.94,1.0
1695,6266.95,1.0
1696,6266.96,1.0
1697,6266.97,1.0
1698,6266.98,1.0
1699,6266.99,1.0
1700,6267.0,1.0
1701,6267.01,1.0
1702,6267.02,1.0
1703,6267.03,1.0
1704,6267.04,1.0
1705,6267.05,1.0
1706,6267.06,1.0
1707,6267.07,1.0
1708,6267.08,1.0
1709,6267.09,1.0
1710,6267.1,1.0
1711,6267.11,1.0
1712,6267.12,1.0
1713,6267.13,1.0
1714,6267.14,1.0
1715,6267.15,1.0
1716,6267.16,1.0
1717,6267.17,1.0
1718,6267.18,1.0
1719,6267.19,1.0
1720,6267.2,1.0
1721,6267.21,1.0
1722,6267.22,1.0
1723,6267.23,1.0
1724,6267.24,1.0
1725,6267.25,1.0
1726,6267.26,1.0
1727,6267.27,1.0
1728,6267.28,1.0
1729,6267.29,1.0
1730,6267.3,1.0
1731,6267.31,1.0
1732,6267.32,1.0
1733,6267.33,1.0
1734,6267.34,1.0
1735,6267.35,1.0
1736,6267.36,1.0
1737,6267.37,1.0
1738,6267.38,1.0
1739,6267.39,1.0
1740,6267.4,1.0
1741,6267.41,1.0
1742,6267.42,1.0
1743,6267.43,1.0
1744,6267.44,1.0
1745,6267.45,1.0
1746,6267.46,1.0
1747,6267.47,1.0
1748,6267.48,1.0
1749,6267.49,1.0
1750,6267.5,1.0
1751,6267.51,1.0
1752,6267.52,1.0
1753,6267.53,1.0
1754,6267.54,1.0
1755,6267.55,1.0
1756,6267.56,1.0
1757,6267.57,1.0
1758,6267.58,1.0
1759,6267.59,1.0
1760,6267.6,1.0
1761,6267.61,1.0
1762,6267.62,1.0
1763,6267.63,1.0
1764,6267.64,1.0
1765,6267.65,1.0
1766,6267.66,1.0
1767,6267.67,1.0
1768,6267.68,1.0
1769,6267.69,1.0
1770,6267.7,1.0
1771,6267.71,1.0
1772,6267.72,1.0
1773,6267.73,1.0
1774,6267.74,1.0
1775,6267.75,1.0
1776,6267.76,1.0
1777,6267.77,1.0
1778,6267.78,1.0
1779,6267.79,1.0
1780,6267.8,1.0
1781,6267.81,1.0
1782,6267.82,1.0
1783,6267.83,1.0
1784,6267.84,1.0
1785,6267.85,1.0
1786,6267.86,1.0
1787,6267.87,1.0
1788,6267.88,1.0
1789,6267.89,1.0
1790,6267.9,1.0
1791,6267.91,1.0
1792,6267.92,1.0
1793,6267.93,1.0
1794,6267.94,1.0
1795,6267.95,1.0
1796,6267.96,1.0
1797,6267.97,1.0
1798,6267.98,1.0
1799,6267.99,1.0
1800,6268.0,1.0
1801,6268.01,1.0
1802,6268.02,1.0
1803,6268.03,1.0
1804,6268.04,1.0
1805,6268.05,1.0
1806,6268.06,1.0
1807,6268.07,1.0
1808,6268.08,1.0
1809,6268.09,1.0
1810,6268.1,1.0
1811,6268.11,1.0
1812,6268.12,1.0
1813,6268.13,1.0
1814,6268.14,1.0
1815,6268.15,1.0
1816,6268.16,1.0
1817,6268.17,1.0
1818,6268.18,1.0
1819,6268.19,1.0
1820,6268.2,1.0
1821,6268.21,1.0
1822,6268.22,1.0
1823,6268.23,1.0
1824,6268.24,1.0
1825,6268.25,1.0
1826,6268.26,1.0
1827,6268.27,1.0
1828,6268.28,1.0
1829,6268.29,1.0
1830,6268.3,1.0
1831,6268.31,1.0
1832,6268.32,1.0
1833,6268.33,1.0
1834,6268.34,1.0
1835,6268.35,1.0
1836,6268.36,1.0
1837,6268.37,1.0
1838,6268.38,1.0
1839,6268.39,1.0
1840,6268.4,1.0
1841,6268.41,1.0
1842,6268.42,1.0
1843,6268.43,1.0
1844,6268.44,1.0
1845,6268.45,1.0
1846,6268.46,1.0
1847,6268.47,1.0
1848,6268.48,1.0
1849,6268.49,1.0
1850,6268.5,1.0
1851,6268.51,1.0
1852,6268.52,1.0
1853,6268.53,1.0
1854,6268.54,1.0
1855,6268.55,1.0
1856,6268.56,1.0
1857,6268.57,1.0
1858,6268.58,1.0
1859,6268.59,1.0
1860,6268.6,1.0
1861,6268.61,1.0
1862,6268.62,1.0
1863,6268.63,1.0
1864,6268.64,1.0
1865,6268.65,1.0
1866,6268.66,1.0
1867,6268.67,1.0
1868,6268.68,1.0
1869,6268.69,1.0
1870,6268.7,1.0
1871,6268.71,1.0
1872,6268.72,1.0
1873,6268.73,1.0
1874,6268.74,1.0
1875,6268.75,1.0
1876,6268.76,1.0
1877,6268.77,1.0
1878,6268.78,1.0
1879,6268.79,1.0
1880,6268.8,1.0
1881,6268.81,1.0
1882,6268.82,1.0
1883,6268.83,1.0
1884,6268.84,1.0
1885,6268.85,1.0
1886,6268.86,1.0
1887,6268.87,1.0
1888,6268.88,1.0
1889,6268.89,1.0
1890,6268.9,1.0
1891,6268.91,1.0
1892,6268.92,1.0
1893,6268.93,1.0
1894,6268.94,1.0
1895,6268.95,1.0
1896,6268.96,1.0
1897,6268.97,1.0
1898,6268.98,1.0
1899,6268.99,1.0
1900,6269.0,1.0
1901,6269.01,1.0
1902,6269.02,1.0
1903,6269.03,1.0
1904,6269.04,1.0
1905,6269.05,1.0
1906,6269.06,1.0
1907,6269.07,1.0
1908,6269.08,1.0
1909,6269.09,1.0
1910,6269.1,1.0
1911,6269.11,1.0
1912,6269.12,1.0
1913,6269.13,1.0
1914,6269.14,1.0
1915,6269.15,1.0
1916,6269.16,1.0
1917,6269.17,1.0
1918,6269.18,1.0
1919,6269.19,1.0
1920,6269.2,1.0
1921,6269.21,1.0
1922,6269.22,1.0
1923,6269.23,1.0
1924,6269.24,1.0
1925,6269.25,1.0
1926,6269.26,1.0
1927,6269.27,1.0
1928,6269.28,1.0
1929,6269.29,1.0
1930,6269.3,1.0
1931,6269.31,1.0
1932,6269.32,1.0
1933,6269.33,1.0
1934,6269.34,1.0
1935,6269.35,1.0
1936,6269.36,1.0
1937,6269.37,1.0
1938,6269.38,1.0
1939,6269.39,1.0
1940,6269.4,1.0
1941,6269.41,1.0
1942,6269.42,1.0
1943,6269.43,1.0
1944,6269.44,1.0
1945,6269.45,1.0
1946,6269.46,1.0
1947,6269.47,1.0
1948,6269.48,1.0
1949,6269.49,1.0
1950,6269.5,1.0
1951,6269.51,1.0
1952,6269.52,1.0
1953,6269.53,1.0
1954,6269.54,1.0
1955,6269.55,1.0
1956,6269.56,1.0
1957,6269.57,1.0
1958,6269.58,1.0
1959,6269.59,1.0
1960,6269.6,1.0
1961,6269.61,1.0
1962,6269.62,1.0
1963,6269.63,1.0
1964,6269.64,1.0
1965,6269.65,1.0
1966,6269.66,1.0
1967,6269.67,1.0
1968,6269.68,1.0
1969,6269.69,1.0
1970,6269.7,1.0
1971,6269.71,1.0
1972,6269.72,1.0
1973,6269.73,1.0
1974,6269.74,1.0
1975,6269.75,1.0
1976,6269.76,1.0
1977,6269.77,1.0
1978,6269.78,1.0
1979,6269.79,1.0
1980,6269.8,1.0
1981,6269.81,1.0
1982,6269.82,1.0
1983,6269.83,1.0
1984,6269.84,1.0
1985,6269.85,1.0
1986,6269.86,1.0
1987,6269.87,1.0
1988,6269.88,1.0
1989,6269.89,1.0
1990,6269.9,1.0
1991,6269.91,1.0
1992,6269.92,1.0
1993,6269.93,1.0
1994,6269.94,1.0
1995,6269.95,1.0
1996,6269.96,1.0
1997,6269.97,1.0
1998,6269.98,1.0
1999,6269.99,1.0
2000,6270.0,1.0
2001,6270.01,1.0
2002,6270.02,1.0
2003,6270.03,1.0
2004,6270.04,1.0
2005,6270.05,1.0
2006,6270.06,1.0
2007,6270.07,1.0
2008,6270.08,1.0
2009,6270.09,1.0
2010,6270.1,1.0
2011,6270.11,1.0
2012,6270.12,1.0
2013,6270.13,1.0
2014,6270.14,1.0
2015,6270.15,1.0
2016,6270.16,1.0
2017,6270.17,1.0
2018,6270.18,1.0
2019,6270.19,1.0
2020,6270.2,1.0
2021,6270.21,1.0
2022,6270.22,1.0
2023,6270.23,1.0
2024,6270.24,1.0
2025,6270.25,1.0
2026,6270.26,1.0
2027,6270.27,1.0
2028,6270.28,1.0
2029,6270.29,1.0
2030,6270.3,1.0
2031,6270.31,1.0
2032,6270.32,1.0
2033,6270.33,1.0
2034,6270.34,1.0
2035,6270.35,1.0
2036,6270.36,1.0
2037,6270.37,1.0
2038,6270.38,1.0
2039,6270.39,1.0
2040,6270.4,1.0
2041,6270.41,1.0
2042,6270.42,1.0
2043,6270.43,1.0
2044,6270.44,1.0
2045,6270.45,1.0
2046,6270.46,1.0
2047,6270.47,1.0
2048,6270.48,1.0
2049,6270.49,1.0
2050,6270.5,1.0
2051,6270.51,1.0
2052,6270.52,1.0
2053,6270.53,1.0
2054,6270.54,1.0
2055,6270.55,1.0
2056,6270.56,1.0
2057,6270.57,1.0
2058,6270.58,1.0
2059,6270.59,1.0
2060,6270.6,1.0
2061,6270.61,1.0
2062,6270.62,1.0
2063,6270.63,1.0
2064,6270.64,1.0
2065,6270.65,1.0
2066,6270.66,1.0
2067,6270.67,1.0
2068,6270.68,1.0
2069,6270.69,1.0
2070,6270.7,1.0
2071,6270.71,1.0
2072,6270.72,1.0
2073,6270.73,1.0
2074,6270.74,1.0
2075,6270.75,1.0
2076,6270.76,1.0
2077,6270.77,1.0
2078,6270.78,1.0
2079,6270.79,1.0
2080,6270.8,1.0
2081,6270.81,1.0
2082,6270.82,1.0
2083,6270.83,1.0
2084,6270.84,1.0
2085,6270.85,1.0
2086,6270.86,1.0
2087,6270.87,1.0
2088,6270.88,1.0
2089,6270.89,1.0
2090,6270.9,1.0
2091,6270.91,1.0
2092,6270.92,1.0
2093,6270.93,1.0
2094,6270.94,1.0
2095,6270.95,1.0
2096,6270.96,1.0
2097,6270.97,1.0
2098,6270.98,1.0
2099,6270.99,1.0
2100,6271.0,1.0
2101,6271.01,1.0
2102,6271.02,1.0
2103,6271.03,1.0
2104,6271.04,1.0
2105,6271.05,1.0
2106,6271.06,1.0
2107,6271.07,1.0
2108,6271.08,1.0
2109,6271.09,1.0
2110,6271.1,1.0
2111,6271.11,1.0
2112,6271.12,1.0
2113,6271.13,1.0
2114,6271.14,1.0
2115,6271.15,1.0
2116,6271.16,1.0
2117,6271.17,1.0
2118,6271.18,1.0
2119,6271.19,1.0
2120,6271.2,1.0
2121,6271.21,1.0
2122,6271.22,1.0
2123,6271.23,1.0
2124,6271.24,1.0
2125,6271.25,1.0
2126,6271.26,1.0
2127,6271.27,1.0
2128,6271.28,1.0
2129,6271.29,1.0
2130,6271.3,1.0
2131,6271.31,1.0
2132,6271.32,1.0
2133,6271.33,1.0
2134,6271.34,1.0
2135,6271.35,1.0
2136,6271.36,1.0
2137,6271.37,1.0
2138,6271.38,1.0
2139,6271.39,1.0
2140,6271.4,1.0
2141,6271.41,1.0
2142,6271.42,1.0
2143,6271.43,1.0
2144,6271.44,1.0
2145,6271.45,1.0
2146,6271.46,1.0
2147,6271.47,1.0
2148,6271.48,1.0
2149,6271.49,1.0
2150,6271.5,1.0
2151,6271.51,1.0
2152,6271.52,1.0
2153,6271.53,1.0
2154,6271.54,1.0
2155,6271.55,1.0
2156,6271.56,1.0
2157,6271.57,1.0
2158,6271.58,1.0
2159,6271.59,1.0
2160,6271.6,1.0
2161,6271.61,1.0
2162,6271.62,1.0
2163,6271.63,1.0
2164,6271.64,1.0
2165,6271.65,1.0
2166,6271.66,1.0
2167,6271.67,1.0
2168,6271.68,1.0
2169,6271.69,1.0
2170,6271.7,1.0
2171,6271.71,1.0
2172,6271.72,1.0
2173,6271.73,1.0
2174,6271.74,1.0
2175,6271.75,1.0
2176,6271.76,1.0
2177,6271.77,1.0
2178,6271.78,1.0
2179,6271.79,1.0
2180,6271.8,1.0
2181,6271.81,1.0
2182,6271.82,1.0
2183,6271.83,1.0
2184,6271.84,1.0
2185,6271.85,1.0
2186,6271.86,1.0
2187,6271.87,1.0
2188,6271.88,1.0
2189,6271.89,1.0
2190,6271.9,1.0
2191,6271.91,1.0
2192,6271.92,1.0
2193,6271.93,1.0
2194,6271.94,1.0
2195,6271.95,1.0
2196,6271.96,1.0
2197,6271.97,1.0
2198,6271.98,1.0
2199,6271.99,1.0
2200,6272.0,1.0
2201,6272.01,1.0
2202,6272.02,1.0
2203,6272.03,1.0
2204,6272.04,1.0
2205,6272.05,1.0
2206,6272.06,1.0
2207,6272.07,1.0
2208,6272.08,1.0
2209,6272.09,1.0
2210,6272.1,1.0
2211,6272.11,1.0
2212,6272.12,1.0
2213,6272.13,1.0
2214,6272.14,1.0
2215,6272.15,1.0
2216,6272.16,1.0
2217,6272.17,1.0
2218,6272.18,1.0
2219,6272.19,1.0
2220,6272.2,1.0
2221,6272.21,1.0
2222,6272.22,1.0
2223,6272.23,1.0
2224,6272.24,1.0
2225,6272.25,1.0
2226,6272.26,1.0
2227,6272.27,1.0
2228,6272.28,1.0
2229,6272.29,1.0
2230,6272.3,1.0
2231,6272.31,1.0
2232,6272.32,1.0
2233,6272.33,1.0
2234,6272.34,1.0
2235,6272.35,1.0
2236,6272.36,1.0
2237,6272.37,1.0
2238,6272.38,1.0
2239,6272.39,1.0
2240,6272.4,1.0
2241,6272.41,1.0
2242,6272.42,1.0
2243,6272.43,1.0
2244,6272.44,1.0
2245,6272.45,1.0
2246,6272.46,1.0
2247,6272.47,1.0
2248,6272.48,1.0
2249,6272.49,1.0
2250,6272.5,1.0
2251,6272.51,1.0
2252,6272.52,1.0
2253,6272.53,1.0
2254,6272.54,1.0
2255,6272.55,1.0
2256,6272.56,1.0
2257,6272.57,1.0
2258,6272.58,1.0
2259,6272.59,1.0
2260,6272.6,1.0
2261,6272.61,1.0
2262,6272.62,1.0
2263,6272.63,1.0
2264,6272.64,1.0
2265,6272.65,1.0
2266,6272.66,1.0
2267,6272.67,1.0
2268,6272.68,1.0
2269,6272.69,1.0
2270,6272.7,1.0
2271,6272.71,1.0
2272,6272.72,1.0
2273,6272.73,1.0
2274,6272.74,1.0
2275,6272.75,1.0
2276,6272.76,1.0
2277,6272.77,1.0
2278,6272.78,1.0
2279,6272.79,1.0
2280,6272.8,1.0
2281,6272.81,1.0
2282,6272.82,1.0
2283,6272.83,1.0
2284,6272.84,1.0
2285,6272.85,1.0
2286,6272.86,1.0
2287,6272.87,1.0
2288,6272.88,1.0
2289,6272.89,1.0
2290,6272.9,1.0
2291,6272.91,1.0
2292,6272.92,1.0
2293,6272.93,1.0
2294,6272.94,1.0
2295,6272.95,1.0
2296,6272.96,1.0
2297,6272.97,1.0
2298,6272.98,1.0
2299,6272.99,1.0
2300,6273.0,1.0
2301,6273.01,1.0
2302,6273.02,1.0
2303,6273.03,1.0
2304,6273.04,1.0
2305,6273.05,1.0
2306,6273.06,1.0
2307,6273.07,1.0
2308,6273.08,1.0
2309,6273.09,1.0
2310,6273.1,1.0
2311,6273.11,1.0
2312,6273.12,1.0
2313,6273.13,1.0
2314,6273.14,1.0
2315,6273.15,1.0
2316,6273.16,1.0
2317,6273.17,1.0
2318,6273.18,1.0
2319,6273.19,1.0
2320,6273.2,1.0
2321,6273.21,1.0
2322,6273.22,1.0
2323,6273.23,1.0
2324,6273.24,1.0
2325,6273.25,1.0
2326,6273.26,1.0
2327,6273.27,1.0
2328,6273.28,1.0
2329,6273.29,1.0
2330,6273.3,1.0
2331,6273.31,1.0
2332,6273.32,1.0
2333,6273.33,1.0
2334,6273.34,1.0
2335,6273.35,1.0
2336,6273.36,1.0
2337,6273.37,1.0
2338,6273.38,1.0
2339,6273.39,1.0
2340,6273.4,1.0
2341,6273.41,1.0
2342,6273.42,1.0
2343,6273.43,1.0
2344,6273.44,1.0
2345,6273.45,1.0
2346,6273.46,1.0
2347,6273.47,1.0
2348,6273.48,1.0
2349,6273.49,1.0
2350,6273.5,1.0
2351,6273.51,1.0
2352,6273.52,1.0
2353,6273.53,1.0
2354,6273.54,1.0
2355,6273.55,1.0
2356,6273.56,1.0
2357,6273.57,1.0
2358,6273.58,1.0
2359,6273.59,1.0
2360,6273.6,1.0
2361,6273.61,1.0
2362,6273.62,1.0
2363,6273.63,1.0
2364,6273.64,1.0
2365,6273.65,1.0
2366,6273.66,1.0
2367,6273.67,1.0
2368,6273.68,1.0
2369,6273.69,1.0
2370,6273.7,1.0
2371,6273.71,1.0
2372,6273.72,1.0
2373,6273.73,1.0
2374,6273.74,1.0
2375,6273.75,1.0
2376,6273.76,1.0
2377,6273.77,1.0
2378,6273.78,1.0
2379,6273.79,1.0
2380,6273.8,1.0
2381,6273.81,1.0
2382,6273.82,1.0
2383,6273.83,1.0
2384,6273.84,1.0
2385,6273.85,1.0
2386,6273.86,1.0
2387,6273.87,1.0
2388,6273.88,1.0
2389,6273.89,1.0
2390,6273.9,1.0
2391,6273.91,1.0
2392,6273.92,1.0
2393,6273.93,1.0
2394,6273.94,1.0
2395,6273.95,1.0
2396,6273.96,1.0
2397,6273.97,1.0
2398,6273.98,1.0
2399,6273.99,1.0
2400,6274.0,1.0
2401,6274.01,1.0
2402,6274.02,1.0
2403,6274.03,1.0
2404,6274.04,1.0
2405,6274.05,1.0
2406,6274.06,1.0
2407,6274.07,1.0
2408,6274.08,1.0
2409,6274.09,1.0
2410,6274.1,1.0
2411,6274.11,1.0
2412,6274.12,1.0
2413,6274.13,1.0
2414,6274.14,1.0
2415,6274.15,1.0
2416,6274.16,1.0
2417,6274.17,1.0
2418,6274.18,1.0
2419,6274.19,1.0
2420,6274.2,1.0
2421,6274.21,1.0
2422,6274.22,1.0
2423,6274.23,1.0
2424,6274.24,1.0
2425,6274.25,1.0
2426,6274.26,1.0
2427,6274.27,1.0
2428,6274.28,1.0
2429,6274.29,1.0
2430,6274.3,1.0
2431,6274.31,1.0
2432,6274.32,1.0
2433,6274.33,1.0
2434,6274.34,1.0
2435,6274.35,1.0
2436,6274.36,1.0
2437,6274.37,1.0
2438,6274.38,1.0
2439,6274.39,1.0
2440,6274.4,1.0
2441,6274.41,1.0
2442,6274.42,1.0
2443,6274.43,1.0
2444,6274.44,1.0
2445,6274.45,1.0
2446,6274.46,1.0
2447,6274.47,1.0
2448,6274.48,1.0
2449,6274.49,1.0
2450,6274.5,1.0
2451,6274.51,1.0
2452,6274.52,1.0
2453,6274.53,1.0
2454,6274.54,1.0
2455,6274.55,1.0
2456,6274.56,1.0
2457,6274.57,1.0
2458,6274.58,1.0
2459,6274.59,1.0
2460,6274.6,1.0
2461,6274.61,1.0
2462,6274.62,1.0
2463,6274.63,1.0
2464,6274.64,1.0
2465,6274.65,1.0
2466,6274.66,1.0
2467,6274.67,1.0
2468,6274.68,1.0
2469,6274.69,1.0
2470,6274.7,1.0
2471,6274.71,1.0
2472,6274.72,1.0
2473,6274.73,1.0
2474,6274.74,1.0
2475,6274.75,1.0
2476,6274.76,1.0
2477,6274.77,1.0
2478,6274.78,1.0
2479,6274.79,1.0
2480,6274.8,1.0
2481,6274.81,1.0
2482,6274.82,1.0
2483,6274.83,1.0
2484,6274.84,1.0
2485,6274.85,1.0
2486,6274.86,1.0
2487,6274.87,1.0
2488,6274.88,1.0
2489,6274.89,1.0
2490,6274.9,1.0
2491,6274.91,1.0
2492,6274.92,1.0
2493,6274.93,1.0
2494,6274.94,1.0
2495,6274.95,1.0
2496,6274.96,1.0
2497,6274.97,1.0
2498,6274.98,1.0
2499,6274.99,1.0
2500,6275.0,1.0
2501,6275.01,1.0
2502,6275.02,1.0
2503,6275.03,1.0
2504,6275.04,1.0
2505,6275.05,1.0
2506,6275.06,1.0
2507,6275.07,1.0
2508,6275.08,1.0
2509,6275.09,1.0
2510,6275.1,1.0
2511,6275.11,1.0
2512,6275.12,1.0
2513,6275.13,1.0
2514,6275.14,1.0
2515,6275.15,1.0
2516,6275.16,1.0
2517,6275.17,1.0
2518,6275.18,1.0
2519,6275.19,1.0
2520,6275.2,1.0
2521,6275.21,1.0
2522,6275.22,1.0
2523,6275.23,1.0
2524,6275.24,1.0
2525,6275.25,1.0
2526,6275.26,1.0
2527,6275.27,1.0
2528,6275.28,1.0
2529,6275.29,1.0
2530,6275.3,1.0
2531,6275.31,1.0
2532,6275.32,1.0
2533,6275.33,1.0
2534,6275.34,1.0
2535,6275.35,1.0
2536,6275.36,1.0
2537,6275.37,1.0
2538,6275.38,1.0
2539,6275.39,1.0
2540,6275.4,1.0
2541,6275.41,1.0
2542,6275.42,1.0
2543,6275.43,1.0
2544,6275.44,1.0
2545,6275.45,1.0
2546,6275.46,1.0
2547,6275.47,1.0
2548,6275.48,1.0
2549,6275.49,1.0
2550,6275.5,1.0
2551,6275.51,1.0
2552,6275.52,1.0
2553,6275.53,1.0
2554,6275.54,1.0
2555,6275.55,1.0
2556,6275.56,1.0
2557,6275.57,1.0
2558,6275.58,1.0
2559,6275.59,1.0
2560,6275.6,1.0
2561,6275.61,1.0
2562,6275.62,1.0
2563,6275.63,1.0
2564,6275.64,0.999999
2565,6275.65,0.999999
2566,6275.66,0.999999
2567,6275.67,0.999999
2568,6275.68,0.999999
2569,6275.69,0.999998
2570,6275.7,0.999998
2571,6275.71,0.999998
2572,6275.72,0.999997
2573,6275.73,0.999997
2574,6275.74,0.999996
2575,6275.75,0.999996
2576,6275.76,0.999995
2577,6275.77,0.999994
2578,6275.78,0.999993
2579,6275.79,0.999992
2580,6275.8,0.999991
2581,6275.81,0.99999
2582,6275.82,0.999989
2583,6275.83,0.999987
2584,6275.84,0.999986
2585,6275.85,0.999984
2586,6275.86,0.999982
2587,6275.87,0.99998
2588,6275.88,0.999977
2589,6275.89,0.999975
2590,6275.9,0.999972
2591,6275.91,0.999969
2592,6275.92,0.999966
2593,6275.93,0.999962
2594,6275.94,0.999958
2595,6275.95,0.999954
2596,6275.96,0.999949
2597,6275.97,0.999944
2598,6275.98,0.999939
2599,6275.99,0.999933
2600,6276.0,0.999927
2601,6276.01,0.99992
2602,6276.02,0.999913
2603,6276.03,0.999905
2604,6276.04,0.999896
2605,6276.05,0.999887
2606,6276.06,0.999876
2607,6276.07,0.999866
2608,6276.08,0.999854
2609,6276.09,0.999841
2610,6276.1,0.999827
2611,6276.11,0.999812
2612,6276.12,0.999796
2613,6276.13,0.999778
2614,6276.14,0.99976
2615,6276.15,0.999739
2616,6276.16,0.999717
2617,6276.17,0.999694
2618,6276.18,0.999668
2619,6276.19,0.99964
2620,6276.2,0.99961
2621,6276.21,0.999577
2622,6276.22,0.999541
2623,6276.23,0.999502
2624,6276.24,0.99946
2625,6276.25,0.999413
2626,6276.26,0.999362
2627,6276.27,0.999307
2628,6276.28,0.999245
2629,6276.29,0.999178
2630,6276.3,0.999104
2631,6276.31,0.999021
2632,6276.32,0.998929
2633,6276.33,0.998827
2634,6276.34,0.998712
2635,6276.35,0.998584
2636,6276.36,0.99844
2637,6276.37,0.998279
2638,6276.38,0.998096
2639,6276.39,0.997887
2640,6276.4,0.997645
2641,6276.41,0.997363
2642,6276.42,0.997033
2643,6276.43,0.996643
2644,6276.44,0.996175
2645,6276.45,0.995609
2646,6276.46,0.994912
2647,6276.47,0.994039
2648,6276.48,0.992919
2649,6276.49,0.99144
2650,6276.5,0.989403
2651,6276.51,0.986423
2652,6276.52,0.981672
2653,6276.53,0.973354
2654,6276.54,0.957916
2655,6276.55,0.929477
2656,6276.56,0.881379
2657,6276.57,0.812881
2658,6276.58,0.738717
2659,6276.59,0.686473
2660,6276.6,0.67256
2661,6276.61,0.684876
2662,6276.62,0.702492
2663,6276.63,0.724252
2664,6276.64,0.762826
2665,6276.65,0.818928
2666,6276.66,0.877121
2667,6276.67,0.922571
2668,6276.68,0.951401
2669,6276.69,0.967344
2670,6276.7,0.97542
2671,6276.71,0.979137
2672,6276.72,0.980329
2673,6276.73,0.979663
2674,6276.74,0.976964
2675,6276.75,0.971084
2676,6276.76,0.959279
2677,6276.77,0.936297
2678,6276.78,0.894414
2679,6276.79,0.827447
2680,6276.8,0.741383
2681,6276.81,0.664389
2682,6276.82,0.635998
2683,6276.83,0.673234
2684,6276.84,0.753216
2685,6276.85,0.836725
2686,6276.86,0.899285
2687,6276.87,0.937182
2688,6276.88,0.956434
2689,6276.89,0.96297
2690,6276.9,0.959141
2691,6276.91,0.944278
2692,6276.92,0.918242
2693,6276.93,0.887242
2694,6276.94,0.865771
2695,6276.95,0.867382
2696,6276.96,0.8917
2697,6276.97,0.92494
2698,6276.98,0.953398
2699,6276.99,0.972117
2700,6277.0,0.982661
2701,6277.01,0.988189
2702,6277.02,0.991094
2703,6277.03,0.992721
2704,6277.04,0.993714
2705,6277.05,0.99436
2706,6277.06,0.994786
2707,6277.07,0.995059
2708,6277.08,0.995215
2709,6277.09,0.995276
2710,6277.1,0.995252
2711,6277.11,0.995151
2712,6277.12,0.994971
2713,6277.13,0.994708
2714,6277.14,0.994353
2715,6277.15,0.993889
2716,6277.16,0.993296
2717,6277.17,0.992541
2718,6277.18,0.991579
2719,6277.19,0.990339
2720,6277.2,0.988713
2721,6277.21,0.986528
2722,6277.22,0.98347
2723,6277.23,0.978924
2724,6277.24,0.971598
2725,6277.25,0.958764
2726,6277.26,0.935212
2727,6277.27,0.892689
2728,6277.28,0.82233
2729,6277.29,0.72436
2730,6277.3,0.622376
2731,6277.31,0.561321
2732,6277.32,0.574613
2733,6277.33,0.652354
2734,6277.34,0.751901
2735,6277.35,0.834748
2736,6277.36,0.885502
2737,6277.37,0.904487
2738,6277.38,0.894695
2739,6277.39,0.857436
2740,6277.4,0.798502
2741,6277.41,0.737375
2742,6277.42,0.702282
2743,6277.43,0.705817
2744,6277.44,0.730126
2745,6277.45,0.747722
2746,6277.46,0.753106
2747,6277.47,0.764097
2748,6277.48,0.794265
2749,6277.49,0.834899
2750,6277.5,0.867018
2751,6277.51,0.882127
2752,6277.52,0.887715
2753,6277.53,0.896673
2754,6277.54,0.913974
2755,6277.55,0.934323
2756,6277.56,0.949981
2757,6277.57,0.956781
2758,6277.58,0.953057
2759,6277.59,0.9359
2760,6277.6,0.899492
2761,6277.61,0.838382
2762,6277.62,0.757752
2763,6277.63,0.68373
2764,6277.64,0.654205
2765,6277.65,0.687198
2766,6277.66,0.762563
2767,6277.67,0.842774
2768,6277.68,0.903638
2769,6277.69,0.941281
2770,6277.7,0.96183
2771,6277.71,0.972106
2772,6277.72,0.976336
2773,6277.73,0.975979
2774,6277.74,0.97021
2775,6277.75,0.956595
2776,6277.76,0.933202
2777,6277.77,0.903328
2778,6277.78,0.878864
2779,6277.79,0.873929
2780,6277.8,0.891809
2781,6277.81,0.921737
2782,6277.82,0.949816
2783,6277.83,0.969258
2784,6277.84,0.980433
2785,6277.85,0.986205
2786,6277.86,0.98905
2787,6277.87,0.990436
2788,6277.88,0.99108
2789,6277.89,0.991295
2790,6277.9,0.991212
2791,6277.91,0.99088
2792,6277.92,0.990307
2793,6277.93,0.989473
2794,6277.94,0.988332
2795,6277.95,0.986799
2796,6277.96,0.984739
2797,6277.97,0.981934
2798,6277.98,0.978016
2799,6277.99,0.972313
2800,6278.0,0.963448
2801,6278.01,0.948586
2802,6278.02,0.922351
2803,6278.03,0.876121
2804,6278.04,0.800299
2805,6278.05,0.693721
2806,6278.06,0.577275
2807,6278.07,0.49246
2808,6278.08,0.470124
2809,6278.09,0.496755
2810,6278.1,0.525755
2811,6278.11,0.528409
2812,6278.12,0.524234
2813,6278.13,0.554785
2814,6278.14,0.6342
2815,6278.15,0.736882
2816,6278.16,0.82852
2817,6278.17,0.893092
2818,6278.18,0.932492
2819,6278.19,0.954952
2820,6278.2,0.967747
2821,6278.21,0.975433
2822,6278.22,0.980407
2823,6278.23,0.983835
2824,6278.24,0.986291
2825,6278.25,0.988084
2826,6278.26,0.98939
2827,6278.27,0.990309
2828,6278.28,0.99088
2829,6278.29,0.991077
2830,6278.3,0.990761
2831,6278.31,0.989549
2832,6278.32,0.986543
2833,6278.33,0.979987
2834,6278.34,0.967223
2835,6278.35,0.946055
2836,6278.36,0.918634
2837,6278.37,0.89498
2838,6278.38,0.888319
2839,6278.39,0.902902
2840,6278.4,0.929625
2841,6278.41,0.955588
2842,6278.42,0.973995
2843,6278.43,0.984773
2844,6278.44,0.990461
2845,6278.45,0.993384
2846,6278.46,0.994963
2847,6278.47,0.995903
2848,6278.48,0.996517
2849,6278.49,0.996945
2850,6278.5,0.997255
2851,6278.51,0.997484
2852,6278.52,0.997655
2853,6278.53,0.997782
2854,6278.54,0.997873
2855,6278.55,0.997934
2856,6278.56,0.99797
2857,6278.57,0.997983
2858,6278.58,0.997975
2859,6278.59,0.997947
2860,6278.6,0.997898
2861,6278.61,0.997829
2862,6278.62,0.997738
2863,6278.63,0.997626
2864,6278.64,0.997488
2865,6278.65,0.997322
2866,6278.66,0.997123
2867,6278.67,0.996886
2868,6278.68,0.996603
2869,6278.69,0.996264
2870,6278.7,0.995858
2871,6278.71,0.995367
2872,6278.72,0.994772
2873,6278.73,0.994045
2874,6278.74,0.993147
2875,6278.75,0.992019
2876,6278.76,0.99057
2877,6278.77,0.988658
2878,6278.78,0.986046
2879,6278.79,0.982297
2880,6278.8,0.97653
2881,6278.81,0.9669
2882,6278.82,0.949659
2883,6278.83,0.91812
2884,6278.84,0.863055
2885,6278.85,0.777937
2886,6278.86,0.672061
2887,6278.87,0.581421
2888,6278.88,0.552339
2889,6278.89,0.601381
2890,6278.9,0.699408
2891,6278.91,0.800455
2892,6278.92,0.876521
2893,6278.93,0.923903
2894,6278.94,0.950422
2895,6278.95,0.964582
2896,6278.96,0.972088
2897,6278.97,0.976017
2898,6278.98,0.977806
2899,6278.99,0.978049
2900,6279.0,0.976882
2901,6279.01,0.974074
2902,6279.02,0.968883
2903,6279.03,0.959611
2904,6279.04,0.942711
2905,6279.05,0.911681
2906,6279.06,0.857002
2907,6279.07,0.770196
2908,6279.08,0.656075
2909,6279.09,0.546896
2910,6279.1,0.493441
2911,6279.11,0.525485
2912,6279.12,0.623866
2913,6279.13,0.739883
2914,6279.14,0.83527
2915,6279.15,0.89871
2916,6279.16,0.936028
2917,6279.17,0.956674
2918,6279.18,0.967651
2919,6279.19,0.972639
2920,6279.2,0.972857
2921,6279.21,0.968531
2922,6279.22,0.960942
2923,6279.23,0.954065
2924,6279.24,0.953012
2925,6279.25,0.959477
2926,6279.26,0.970053
2927,6279.27,0.98002
2928,6279.28,0.987053
2929,6279.29,0.991256
2930,6279.3,0.993592
2931,6279.31,0.994913
2932,6279.32,0.995728
2933,6279.33,0.996288
2934,6279.34,0.996706
2935,6279.35,0.997033
2936,6279.36,0.997293
2937,6279.37,0.997503
2938,6279.38,0.99767
2939,6279.39,0.9978
2940,6279.4,0.997894
2941,6279.41,0.997949
2942,6279.42,0.997953
2943,6279.43,0.997879
2944,6279.44,0.997652
2945,6279.45,0.9971
2946,6279.46,0.995877
2947,6279.47,0.993436
2948,6279.48,0.989291
2949,6279.49,0.983809
2950,6279.5,0.979012
2951,6279.51,0.977629
2952,6279.52,0.980534
2953,6279.53,0.985851
2954,6279.54,0.990946
2955,6279.55,0.994469
2956,6279.56,0.996456
2957,6279.57,0.997447
2958,6279.58,0.99791
2959,6279.59,0.99812
2960,6279.6,0.998208
2961,6279.61,0.99823
2962,6279.62,0.99821
2963,6279.63,0.998158
2964,6279.64,0.998078
2965,6279.65,0.997972
2966,6279.66,0.997838
2967,6279.67,0.997674
2968,6279.68,0.997476
2969,6279.69,0.997238
2970,6279.7,0.996955
2971,6279.71,0.996617
2972,6279.72,0.99621
2973,6279.73,0.995716
2974,6279.74,0.995112
2975,6279.75,0.994362
2976,6279.76,0.993425
2977,6279.77,0.992238
2978,6279.78,0.9907
2979,6279.79,0.988654
2980,6279.8,0.985824
2981,6279.81,0.981696
2982,6279.82,0.975232
2983,6279.83,0.964234
2984,6279.84,0.944328
2985,6279.85,0.908016
2986,6279.86,0.845673
2987,6279.87,0.752774
2988,6279.88,0.644336
2989,6279.89,0.561597
2990,6279.9,0.548738
2991,6279.91,0.612938
2992,6279.92,0.717428
2993,6279.93,0.817088
2994,6279.94,0.889155
2995,6279.95,0.933244
2996,6279.96,0.957929
2997,6279.97,0.971508
2998,6279.98,0.9793
2999,6279.99,0.984115
3000,6280.0,0.987321
3001,6280.01,0.989583
3002,6280.02,0.991242
3003,6280.03,0.992495
3004,6280.04,0.993459
3005,6280.05,0.994212
3006,6280.06,0.994805
3007,6280.07,0.995273
3008,6280.08,0.995641
3009,6280.09,0.995929
3010,6280.1,0.996149
3011,6280.11,0.996311
3012,6280.12,0.996421
3013,6280.13,0.996483
3014,6280.14,0.996501
3015,6280.15,0.996476
3016,6280.16,0.996407
3017,6280.17,0.996293
3018,6280.18,0.996129
3019,6280.19,0.995908
3020,6280.2,0.995623
3021,6280.21,0.995261
3022,6280.22,0.99481
3023,6280.23,0.994248
3024,6280.24,0.993547
3025,6280.25,0.992666
3026,6280.26,0.991547
3027,6280.27,0.990103
3028,6280.28,0.988202
3029,6280.29,0.985624
3030,6280.3,0.981983
3031,6280.31,0.976532
3032,6280.32,0.967763
3033,6280.33,0.952637
3034,6280.34,0.925585
3035,6280.35,0.878215
3036,6280.36,0.801949
3037,6280.37,0.696791
3038,6280.38,0.584679
3039,6280.39,0.510795
3040,6280.4,0.514846
3041,6280.41,0.594569
3042,6280.42,0.70795
3043,6280.43,0.810945
3044,6280.44,0.883934
3045,6280.45,0.9286
3046,6280.46,0.954057
3047,6280.47,0.968472
3048,6280.48,0.97701
3049,6280.49,0.982421
3050,6280.5,0.986073
3051,6280.51,0.988669
3052,6280.52,0.990593
3053,6280.53,0.992063
3054,6280.54,0.993216
3055,6280.55,0.994139
3056,6280.56,0.994888
3057,6280.57,0.995506
3058,6280.58,0.99602
3059,6280.59,0.996452
3060,6280.6,0.996819
3061,6280.61,0.997131
3062,6280.62,0.9974
3063,6280.63,0.997632
3064,6280.64,0.997832
3065,6280.65,0.998005
3066,6280.66,0.998156
3067,6280.67,0.998288
3068,6280.68,0.998404
3069,6280.69,0.998505
3070,6280.7,0.998593
3071,6280.71,0.998668
3072,6280.72,0.998732
3073,6280.73,0.998786
3074,6280.74,0.99883
3075,6280.75,0.998865
3076,6280.76,0.998891
3077,6280.77,0.998907
3078,6280.78,0.998914
3079,6280.79,0.99891
3080,6280.8,0.998894
3081,6280.81,0.998864
3082,6280.82,0.998814
3083,6280.83,0.998735
3084,6280.84,0.998601
3085,6280.85,0.998352
3086,6280.86,0.997861
3087,6280.87,0.996906
3088,6280.88,0.995222
3089,6280.89,0.992775
3090,6280.9,0.99019
3091,6280.91,0.988695
3092,6280.92,0.989163
3093,6280.93,0.991214
3094,6280.94,0.993624
3095,6280.95,0.995445
3096,6280.96,0.996466
3097,6280.97,0.996882
3098,6280.98,0.996939
3099,6280.99,0.996792
3100,6281.0,0.996518
3101,6281.01,0.996139
3102,6281.02,0.995649
3103,6281.03,0.995028
3104,6281.04,0.994238
3105,6281.05,0.99323
3106,6281.06,0.991927
3107,6281.07,0.990197
3108,6281.08,0.987822
3109,6281.09,0.984398
3110,6281.1,0.979119
3111,6281.11,0.970291
3112,6281.12,0.954449
3113,6281.13,0.92534
3114,6281.14,0.874154
3115,6281.15,0.794385
3116,6281.16,0.694142
3117,6281.17,0.606509
3118,6281.18,0.575735
3119,6281.19,0.619994
3120,6281.2,0.71306
3121,6281.21,0.810373
3122,6281.22,0.884203
3123,6281.23,0.930619
3124,6281.24,0.957004
3125,6281.25,0.971544
3126,6281.26,0.979799
3127,6281.27,0.984824
3128,6281.28,0.988124
3129,6281.29,0.99043
3130,6281.3,0.992118
3131,6281.31,0.993397
3132,6281.32,0.994393
3133,6281.33,0.995185
3134,6281.34,0.995826
3135,6281.35,0.996347
3136,6281.36,0.996776
3137,6281.37,0.997131
3138,6281.38,0.997429
3139,6281.39,0.997682
3140,6281.4,0.997897
3141,6281.41,0.998082
3142,6281.42,0.998241
3143,6281.43,0.998378
3144,6281.44,0.998497
3145,6281.45,0.998599
3146,6281.46,0.998688
3147,6281.47,0.998765
3148,6281.48,0.998831
3149,6281.49,0.998888
3150,6281.5,0.998935
3151,6281.51,0.998974
3152,6281.52,0.999005
3153,6281.53,0.999029
3154,6281.54,0.999047
3155,6281.55,0.999057
3156,6281.56,0.999062
3157,6281.57,0.999059
3158,6281.58,0.99905
3159,6281.59,0.999035
3160,6281.6,0.999012
3161,6281.61,0.998982
3162,6281.62,0.998944
3163,6281.63,0.998897
3164,6281.64,0.99884
3165,6281.65,0.998772
3166,6281.66,0.998692
3167,6281.67,0.998597
3168,6281.68,0.998485
3169,6281.69,0.998349
3170,6281.7,0.998181
3171,6281.71,0.997958
3172,6281.72,0.997637
3173,6281.73,0.997115
3174,6281.74,0.996208
3175,6281.75,0.994656
3176,6281.76,0.99231
3177,6281.77,0.98954
3178,6281.78,0.987399
3179,6281.79,0.98691
3180,6281.8,0.988047
3181,6281.81,0.989748
3182,6281.82,0.990924
3183,6281.83,0.991133
3184,6281.84,0.990406
3185,6281.85,0.988833
3186,6281.86,0.986336
3187,6281.87,0.982536
3188,6281.88,0.976501
3189,6281.89,0.966191
3190,6281.9,0.947511
3191,6281.91,0.913369
3192,6281.92,0.854648
3193,6281.93,0.767156
3194,6281.94,0.665522
3195,6281.95,0.58922
3196,6281.96,0.579084
3197,6281.97,0.640175
3198,6281.98,0.737726
3199,6281.99,0.830186
3200,6282.0,0.896771
3201,6282.01,0.937473
3202,6282.02,0.9604
3203,6282.03,0.97316
3204,6282.04,0.98057
3205,6282.05,0.985198
3206,6282.06,0.988305
3207,6282.07,0.990511
3208,6282.08,0.992143
3209,6282.09,0.993391
3210,6282.1,0.994367
3211,6282.11,0.995145
3212,6282.12,0.995775
3213,6282.13,0.996292
3214,6282.14,0.996721
3215,6282.15,0.997081
3216,6282.16,0.997386
3217,6282.17,0.997646
3218,6282.18,0.997869
3219,6282.19,0.998061
3220,6282.2,0.998228
3221,6282.21,0.998373
3222,6282.22,0.998499
3223,6282.23,0.998609
3224,6282.24,0.998706
3225,6282.25,0.998791
3226,6282.26,0.998864
3227,6282.27,0.998928
3228,6282.28,0.998983
3229,6282.29,0.99903
3230,6282.3,0.99907
3231,6282.31,0.999103
3232,6282.32,0.99913
3233,6282.33,0.99915
3234,6282.34,0.999165
3235,6282.35,0.999174
3236,6282.36,0.999178
3237,6282.37,0.999176
3238,6282.38,0.999168
3239,6282.39,0.999155
3240,6282.4,0.999135
3241,6282.41,0.99911
3242,6282.42,0.999077
3243,6282.43,0.999037
3244,6282.44,0.998988
3245,6282.45,0.99893
3246,6282.46,0.998862
3247,6282.47,0.998781
3248,6282.48,0.998687
3249,6282.49,0.998575
3250,6282.5,0.998441
3251,6282.51,0.998278
3252,6282.52,0.998074
3253,6282.53,0.997802
3254,6282.54,0.997406
3255,6282.55,0.99679
3256,6282.56,0.995825
3257,6282.57,0.994444
3258,6282.58,0.992828
3259,6282.59,0.991457
3260,6282.6,0.990752
3261,6282.61,0.990585
3262,6282.62,0.990338
3263,6282.63,0.989364
3264,6282.64,0.987166
3265,6282.65,0.983087
3266,6282.66,0.97568
3267,6282.67,0.961825
3268,6282.68,0.935944
3269,6282.69,0.890591
3270,6282.7,0.821765
3271,6282.71,0.740506
3272,6282.72,0.678793
3273,6282.73,0.670931
3274,6282.74,0.721567
3275,6282.75,0.80092
3276,6282.76,0.874094
3277,6282.77,0.925197
3278,6282.78,0.955586
3279,6282.79,0.97229
3280,6282.8,0.981379
3281,6282.81,0.986577
3282,6282.82,0.989798
3283,6282.83,0.991951
3284,6282.84,0.993479
3285,6282.85,0.99461
3286,6282.86,0.995474
3287,6282.87,0.996152
3288,6282.88,0.996695
3289,6282.89,0.997137
3290,6282.9,0.997499
3291,6282.91,0.9978
3292,6282.92,0.998052
3293,6282.93,0.998264
3294,6282.94,0.998445
3295,6282.95,0.998601
3296,6282.96,0.998736
3297,6282.97,0.998854
3298,6282.98,0.998958
3299,6282.99,0.999049
3300,6283.0,0.999131
3301,6283.01,0.999203
3302,6283.02,0.999267
3303,6283.03,0.999325
3304,6283.04,0.999376
3305,6283.05,0.999423
3306,6283.06,0.999464
3307,6283.07,0.999502
3308,6283.08,0.999536
3309,6283.09,0.999567
3310,6283.1,0.999594
3311,6283.11,0.999619
3312,6283.12,0.999641
3313,6283.13,0.999661
3314,6283.14,0.999679
3315,6283.15,0.999695
3316,6283.16,0.999709
3317,6283.17,0.999722
3318,6283.18,0.999733
3319,6283.19,0.999742
3320,6283.2,0.99975
3321,6283.21,0.999757
3322,6283.22,0.999762
3323,6283.23,0.999766
3324,6283.24,0.999769
3325,6283.25,0.999771
3326,6283.26,0.999771
3327,6283.27,0.99977
3328,6283.28,0.999768
3329,6283.29,0.999764
3330,6283.3,0.999759
3331,6283.31,0.999753
3332,6283.32,0.999744
3333,6283.33,0.999734
3334,6283.34,0.999721
3335,6283.35,0.999706
3336,6283.36,0.999688
3337,6283.37,0.999665
3338,6283.38,0.999636
3339,6283.39,0.999598
3340,6283.4,0.999542
3341,6283.41,0.99945
3342,6283.42,0.999277
3343,6283.43,0.998946
3344,6283.44,0.998348
3345,6283.45,0.997425
3346,6283.46,0.996338
3347,6283.47,0.995549
3348,6283.48,0.995512
3349,6283.49,0.996217
3350,6283.5,0.997213
3351,6283.51,0.998049
3352,6283.52,0.998562
3353,6283.53,0.998803
3354,6283.54,0.998878
3355,6283.55,0.998865
3356,6283.56,0.998803
3357,6283.57,0.998711
3358,6283.58,0.998594
3359,6283.59,0.998451
3360,6283.6,0.99828
3361,6283.61,0.998075
3362,6283.62,0.997829
3363,6283.63,0.997531
3364,6283.64,0.997166
3365,6283.65,0.996718
3366,6283.66,0.99616
3367,6283.67,0.995455
3368,6283.68,0.994541
3369,6283.69,0.99332
3370,6283.7,0.991627
3371,6283.71,0.989149
3372,6283.72,0.985247
3373,6283.73,0.978559
3374,6283.74,0.966303
3375,6283.75,0.943593
3376,6283.76,0.903945
3377,6283.77,0.843875
3378,6283.78,0.772887
3379,6283.79,0.718636
3380,6283.8,0.711064
3381,6283.81,0.754756
3382,6283.82,0.824129
3383,6283.83,0.88849
3384,6283.84,0.933573
3385,6283.85,0.960433
3386,6283.86,0.975235
3387,6283.87,0.983319
3388,6283.88,0.987958
3389,6283.89,0.990838
3390,6283.9,0.992765
3391,6283.91,0.994131
3392,6283.92,0.995142
3393,6283.93,0.995913
3394,6283.94,0.996516
3395,6283.95,0.996997
3396,6283.96,0.997387
3397,6283.97,0.997708
3398,6283.98,0.997975
3399,6283.99,0.9982
3400,6284.0,0.99839
3401,6284.01,0.998553
3402,6284.02,0.998693
3403,6284.03,0.998812
3404,6284.04,0.998916
3405,6284.05,0.999006
3406,6284.06,0.999085
3407,6284.07,0.999153
3408,6284.08,0.999214
3409,6284.09,0.999266
3410,6284.1,0.999313
3411,6284.11,0.999353
3412,6284.12,0.999389
3413,6284.13,0.999421
3414,6284.14,0.999448
3415,6284.15,0.999471
3416,6284.16,0.999491
3417,6284.17,0.999507
3418,6284.18,0.999519
3419,6284.19,0.999529
3420,6284.2,0.999535
3421,6284.21,0.999538
3422,6284.22,0.999538
3423,6284.23,0.999535
3424,6284.24,0.999528
3425,6284.25,0.999518
3426,6284.26,0.999504
3427,6284.27,0.999486
3428,6284.28,0.999464
3429,6284.29,0.999436
3430,6284.3,0.999402
3431,6284.31,0.999362
3432,6284.32,0.999313
3433,6284.33,0.999255
3434,6284.34,0.999186
3435,6284.35,0.999102
3436,6284.36,0.999002
3437,6284.37,0.99888
3438,6284.38,0.998731
3439,6284.39,0.998549
3440,6284.4,0.99832
3441,6284.41,0.99803
3442,6284.42,0.997653
3443,6284.43,0.99715
3444,6284.44,0.996454
3445,6284.45,0.995438
3446,6284.46,0.993843
3447,6284.47,0.991086
3448,6284.48,0.98593
3449,6284.49,0.976055
3450,6284.5,0.958075
3451,6284.51,0.929417
3452,6284.52,0.893285
3453,6284.53,0.862811
3454,6284.54,0.854806
3455,6284.55,0.87421
3456,6284.56,0.908889
3457,6284.57,0.942364
3458,6284.58,0.966223
3459,6284.59,0.980436
3460,6284.6,0.988138
3461,6284.61,0.992224
3462,6284.62,0.994489
3463,6284.63,0.995854
3464,6284.64,0.99675
3465,6284.65,0.997378
3466,6284.66,0.997838
3467,6284.67,0.998188
3468,6284.68,0.998461
3469,6284.69,0.998678
3470,6284.7,0.998854
3471,6284.71,0.998999
3472,6284.72,0.999119
3473,6284.73,0.999221
3474,6284.74,0.999307
3475,6284.75,0.999381
3476,6284.76,0.999445
3477,6284.77,0.9995
3478,6284.78,0.999548
3479,6284.79,0.999589
3480,6284.8,0.999626
3481,6284.81,0.999659
3482,6284.82,0.999688
3483,6284.83,0.999714
3484,6284.84,0.999738
3485,6284.85,0.999759
3486,6284.86,0.999778
3487,6284.87,0.999795
3488,6284.88,0.999811
3489,6284.89,0.999825
3490,6284.9,0.999838
3491,6284.91,0.99985
3492,6284.92,0.999861
3493,6284.93,0.999871
3494,6284.94,0.999881
3495,6284.95,0.999889
3496,6284.96,0.999897
3497,6284.97,0.999904
3498,6284.98,0.999911
3499,6284.99,0.999917
3500,6285.0,0.999922
3501,6285.01,0.999928
3502,6285.02,0.999932
3503,6285.03,0.999937
3504,6285.04,0.999941
3505,6285.05,0.999945
3506,6285.06,0.999949
3507,6285.07,0.999952
3508,6285.08,0.999955
3509,6285.09,0.999958
3510,6285.1,0.99996
3511,6285.11,0.999963
3512,6285.12,0.999965
3513,6285.13,0.999967
3514,6285.14,0.999969
3515,6285.15,0.999971
3516,6285.16,0.999973
3517,6285.17,0.999974
3518,6285.18,0.999976
3519,6285.19,0.999977
3520,6285.2,0.999978
3521,6285.21,0.999979
3522,6285.22,0.99998
3523,6285.23,0.99998
3524,6285.24,0.999981
3525,6285.25,0.999982
3526,6285.26,0.999982
3527,6285.27,0.999982
3528,6285.28,0.999982
3529,6285.29,0.999981
3530,6285.3,0.999981
3531,6285.31,0.999979
3532,6285.32,0.999978
3533,6285.33,0.999975
3534,6285.34,0.999971
3535,6285.35,0.999966
3536,6285.36,0.999958
3537,6285.37,0.999943
3538,6285.38,0.999915
3539,6285.39,0.999857
3540,6285.4,0.999737
3541,6285.41,0.999515
3542,6285.42,0.999168
3543,6285.43,0.998758
3544,6285.44,0.998463
3545,6285.45,0.998459
3546,6285.46,0.998747
3547,6285.47,0.999155
3548,6285.48,0.999505
3549,6285.49,0.999732
3550,6285.5,0.999855
3551,6285.51,0.999916
3552,6285.52,0.999946
3553,6285.53,0.999962
3554,6285.54,0.999971
3555,6285.55,0.999977
3556,6285.56,0.999981
3557,6285.57,0.999985
3558,6285.58,0.999987
3559,6285.59,0.999989
3560,6285.6,0.999991
3561,6285.61,0.999992
3562,6285.62,0.999993
3563,6285.63,0.999994
3564,6285.64,0.999995
3565,6285.65,0.999995
3566,6285.66,0.999996
3567,6285.67,0.999996
3568,6285.68,0.999997
3569,6285.69,0.999997
3570,6285.7,0.999997
3571,6285.71,0.999998
3572,6285.72,0.999998
3573,6285.73,0.999998
3574,6285.74,0.999998
3575,6285.75,0.999998
3576,6285.76,0.999999
3577,6285.77,0.999999
3578,6285.78,0.999999
3579,6285.79,0.999999
3580,6285.8,0.999999
3581,6285.81,0.999999
3582,6285.82,0.999999
3583,6285.83,0.999999
3584,6285.84,0.999999
3585,6285.85,0.999999
3586,6285.86,0.999999
3587,6285.87,1.0
3588,6285.88,1.0
3589,6285.89,1.0
3590,6285.9,1.0
3591,6285.91,1.0
3592,6285.92,1.0
3593,6285.93,1.0
3594,6285.94,1.0
3595,6285.95,1.0
3596,6285.96,1.0
3597,6285.97,1.0
3598,6285.98,1.0
3599,6285.99,1.0
3600,6286.0,1.0
3601,6286.01,1.0
3602,6286.02,1.0
3603,6286.03,1.0
3604,6286.04,1.0
3605,6286.05,1.0
3606,6286.06,1.0
3607,6286.07,1.0
3608,6286.08,1.0
3609,6286.09,1.0
3610,6286.1,1.0
3611,6286.11,1.0
3612,6286.12,1.0
3613,6286.13,1.0
3614,6286.14,1.0
3615,6286.15,1.0
3616,6286.16,1.0
3617,6286.17,1.0
3618,6286.18,1.0
3619,6286.19,1.0
3620,6286.2,1.0
3621,6286.21,1.0
3622,6286.22,1.0
3623,6286.23,1.0
3624,6286.24,1.0
3625,6286.25,1.0
3626,6286.26,1.0
3627,6286.27,1.0
3628,6286.28,1.0
3629,6286.29,1.0
3630,6286.3,1.0
3631,6286.31,1.0
3632,6286.32,1.0
3633,6286.33,1.0
3634,6286.34,1.0
3635,6286.35,1.0
3636,6286.36,1.0
3637,6286.37,1.0
3638,6286.38,1.0
3639,6286.39,1.0
3640,6286.4,1.0
3641,6286.41,1.0
3642,6286.42,1.0
3643,6286.43,1.0
3644,6286.44,1.0
3645,6286.45,1.0
3646,6286.46,1.0
3647,6286.47,0.999999
3648,6286.48,0.999999
3649,6286.49,0.999999
3650,6286.5,0.999999
3651,6286.51,0.999999
3652,6286.52,0.999999
3653,6286.53,0.999999
3654,6286.54,0.999999
3655,6286.55,0.999999
3656,6286.56,0.999998
3657,6286.57,0.999998
3658,6286.58,0.999998
3659,6286.59,0.999998
3660,6286.6,0.999998
3661,6286.61,0.999997
3662,6286.62,0.999997
3663,6286.63,0.999996
3664,6286.64,0.999996
3665,6286.65,0.999995
3666,6286.66,0.999995
3667,6286.67,0.999994
3668,6286.68,0.999993
3669,6286.69,0.999991
3670,6286.7,0.999989
3671,6286.71,0.999986
3672,6286.72,0.999982
3673,6286.73,0.999975
3674,6286.74,0.999962
3675,6286.75,0.999935
3676,6286.76,0.999882
3677,6286.77,0.999789
3678,6286.78,0.999658
3679,6286.79,0.999523
3680,6286.8,0.999453
3681,6286.81,0.99949
3682,6286.82,0.99961
3683,6286.83,0.999747
3684,6286.84,0.999852
3685,6286.85,0.999916
3686,6286.86,0.999949
3687,6286.87,0.999964
3688,6286.88,0.999972
3689,6286.89,0.999975
3690,6286.9,0.999977
3691,6286.91,0.999978
3692,6286.92,0.999978
3693,6286.93,0.999978
3694,6286.94,0.999978
3695,6286.95,0.999977
3696,6286.96,0.999976
3697,6286.97,0.999975
3698,6286.98,0.999974
3699,6286.99,0.999972
3700,6287.0,0.999971
3701,6287.01,0.999969
3702,6287.02,0.999967
3703,6287.03,0.999965
3704,6287.04,0.999963
3705,6287.05,0.999961
3706,6287.06,0.999958
3707,6287.07,0.999956
3708,6287.08,0.999953
3709,6287.09,0.99995
3710,6287.1,0.999947
3711,6287.11,0.999943
3712,6287.12,0.999939
3713,6287.13,0.999935
3714,6287.14,0.999931
3715,6287.15,0.999926
3716,6287.16,0.999922
3717,6287.17,0.999916
3718,6287.18,0.999911
3719,6287.19,0.999905
3720,6287.2,0.999898
3721,6287.21,0.999892
3722,6287.22,0.999884
3723,6287.23,0.999877
3724,6287.24,0.999868
3725,6287.25,0.999859
3726,6287.26,0.99985
3727,6287.27,0.999839
3728,6287.28,0.999828
3729,6287.29,0.999816
3730,6287.3,0.999803
3731,6287.31,0.999789
3732,6287.32,0.999774
3733,6287.33,0.999758
3734,6287.34,0.999741
3735,6287.35,0.999722
3736,6287.36,0.999701
3737,6287.37,0.999678
3738,6287.38,0.999654
3739,6287.39,0.999627
3740,6287.4,0.999598
3741,6287.41,0.999566
3742,6287.42,0.999531
3743,6287.43,0.999492
3744,6287.44,0.999449
3745,6287.45,0.999402
3746,6287.46,0.999349
3747,6287.47,0.999291
3748,6287.48,0.999226
3749,6287.49,0.999153
3750,6287.5,0.999071
3751,6287.51,0.998978
3752,6287.52,0.998872
3753,6287.53,0.99875
3754,6287.54,0.99861
3755,6287.55,0.998448
3756,6287.56,0.998258
3757,6287.57,0.998034
3758,6287.58,0.997768
3759,6287.59,0.997447
3760,6287.6,0.997056
3761,6287.61,0.996572
3762,6287.62,0.995963
3763,6287.63,0.995176
3764,6287.64,0.994128
3765,6287.65,0.992678
3766,6287.66,0.99058
3767,6287.67,0.987381
3768,6287.68,0.982164
3769,6287.69,0.973041
3770,6287.7,0.956478
3771,6287.71,0.927126
3772,6287.72,0.880237
3773,6287.73,0.819094
3774,6287.74,0.762822
3775,6287.75,0.739892
3776,6287.76,0.764148
3777,6287.77,0.820525
3778,6287.78,0.880837
3779,6287.79,0.92705
3780,6287.8,0.956251
3781,6287.81,0.972884
3782,6287.82,0.98206
3783,6287.83,0.987277
3784,6287.84,0.990456
3785,6287.85,0.992542
3786,6287.86,0.994
3787,6287.87,0.995065
3788,6287.88,0.995871
3789,6287.89,0.996497
3790,6287.9,0.996994
3791,6287.91,0.997396
3792,6287.92,0.997725
3793,6287.93,0.997999
3794,6287.94,0.998228
3795,6287.95,0.998422
3796,6287.96,0.998588
3797,6287.97,0.998731
3798,6287.98,0.998855
3799,6287.99,0.998964
3800,6288.0,0.999058
3801,6288.01,0.999142
3802,6288.02,0.999217
3803,6288.03,0.999283
3804,6288.04,0.999342
3805,6288.05,0.999395
3806,6288.06,0.999443
3807,6288.07,0.999486
3808,6288.08,0.999525
3809,6288.09,0.999561
3810,6288.1,0.999593
3811,6288.11,0.999622
3812,6288.12,0.99965
3813,6288.13,0.999674
3814,6288.14,0.999697
3815,6288.15,0.999719
3816,6288.16,0.999738
3817,6288.17,0.999756
3818,6288.18,0.999772
3819,6288.19,0.999788
3820,6288.2,0.999802
3821,6288.21,0.999815
3822,6288.22,0.999827
3823,6288.23,0.999838
3824,6288.24,0.999849
3825,6288.25,0.999858
3826,6288.26,0.999867
3827,6288.27,0.999875
3828,6288.28,0.999883
3829,6288.29,0.99989
3830,6288.3,0.999897
3831,6288.31,0.999903
3832,6288.32,0.999909
3833,6288.33,0.999915
3834,6288.34,0.99992
3835,6288.35,0.999925
3836,6288.36,0.999929
3837,6288.37,0.999933
3838,6288.38,0.999937
3839,6288.39,0.99994
3840,6288.4,0.999944
3841,6288.41,0.999947
3842,6288.42,0.99995
3843,6288.43,0.999952
3844,6288.44,0.999955
3845,6288.45,0.999957
3846,6288.46,0.999959
3847,6288.47,0.99996
3848,6288.48,0.999962
3849,6288.49,0.999964
3850,6288.5,0.999965
3851,6288.51,0.999966
3852,6288.52,0.999967
3853,6288.53,0.999968
3854,6288.54,0.999968
3855,6288.55,0.999969
3856,6288.56,0.999969
3857,6288.57,0.999969
3858,6288.58,0.999969
3859,6288.59,0.999969
3860,6288.6,0.999969
3861,6288.61,0.999968
3862,6288.62,0.999968
3863,6288.63,0.999967
3864,6288.64,0.999966
3865,6288.65,0.999965
3866,6288.66,0.999964
3867,6288.67,0.999962
3868,6288.68,0.999961
3869,6288.69,0.999959
3870,6288.7,0.999957
3871,6288.71,0.999954
3872,6288.72,0.999952
3873,6288.73,0.999949
3874,6288.74,0.999946
3875,6288.75,0.999943
3876,6288.76,0.999939
3877,6288.77,0.999936
3878,6288.78,0.999931
3879,6288.79,0.999927
3880,6288.8,0.999922
3881,6288.81,0.999917
3882,6288.82,0.999911
3883,6288.83,0.999905
3884,6288.84,0.999899
3885,6288.85,0.999892
3886,6288.86,0.999885
3887,6288.87,0.999877
3888,6288.88,0.999868
3889,6288.89,0.999859
3890,6288.9,0.999849
3891,6288.91,0.999838
3892,6288.92,0.999827
3893,6288.93,0.999814
3894,6288.94,0.999801
3895,6288.95,0.999786
3896,6288.96,0.99977
3897,6288.97,0.999753
3898,6288.98,0.999735
3899,6288.99,0.999715
3900,6289.0,0.999693
3901,6289.01,0.999669
3902,6289.02,0.999643
3903,6289.03,0.999615
3904,6289.04,0.999584
3905,6289.05,0.99955
3906,6289.06,0.999513
3907,6289.07,0.999473
3908,6289.08,0.999428
3909,6289.09,0.999379
3910,6289.1,0.999324
3911,6289.11,0.999263
3912,6289.12,0.999195
3913,6289.13,0.999119
3914,6289.14,0.999034
3915,6289.15,0.998938
3916,6289.16,0.998829
3917,6289.17,0.998705
3918,6289.18,0.998562
3919,6289.19,0.998397
3920,6289.2,0.998205
3921,6289.21,0.997979
3922,6289.22,0.997714
3923,6289.23,0.997396
3924,6289.24,0.997013
3925,6289.25,0.996544
3926,6289.26,0.995961
3927,6289.27,0.995223
3928,6289.28,0.994268
3929,6289.29,0.992997
3930,6289.3,0.99124
3931,6289.31,0.988693
3932,6289.32,0.984738
3933,6289.33,0.978044
3934,6289.34,0.965858
3935,6289.35,0.943206
3936,6289.36,0.903167
3937,6289.37,0.841405
3938,6289.38,0.766788
3939,6289.39,0.707669
3940,6289.4,0.69606
3941,6289.41,0.738472
3942,6289.42,0.809703
3943,6289.43,0.877761
3944,6289.44,0.926566
3945,6289.45,0.95613
3946,6289.46,0.972569
3947,6289.47,0.981581
3948,6289.48,0.986746
3949,6289.49,0.989936
3950,6289.5,0.992062
3951,6289.51,0.993564
3952,6289.52,0.994672
3953,6289.53,0.995515
3954,6289.54,0.996174
3955,6289.55,0.996698
3956,6289.56,0.997121
3957,6289.57,0.997469
3958,6289.58,0.997757
3959,6289.59,0.997998
3960,6289.6,0.998201
3961,6289.61,0.998373
3962,6289.62,0.998521
3963,6289.63,0.998648
3964,6289.64,0.998757
3965,6289.65,0.998852
3966,6289.66,0.998934
3967,6289.67,0.999005
3968,6289.68,0.999066
3969,6289.69,0.999118
3970,6289.7,0.999163
3971,6289.71,0.999202
3972,6289.72,0.999235
3973,6289.73,0.999262
3974,6289.74,0.999285
3975,6289.75,0.999303
3976,6289.76,0.999317
3977,6289.77,0.999326
3978,6289.78,0.999331
3979,6289.79,0.999331
3980,6289.8,0.999328
3981,6289.81,0.999321
3982,6289.82,0.99931
3983,6289.83,0.999294
3984,6289.84,0.999275
3985,6289.85,0.99925
3986,6289.86,0.999221
3987,6289.87,0.999187
3988,6289.88,0.999147
3989,6289.89,0.999102
3990,6289.9,0.99905
3991,6289.91,0.998992
3992,6289.92,0.998926
3993,6289.93,0.99885
3994,6289.94,0.998764
3995,6289.95,0.998667
3996,6289.96,0.998556
3997,6289.97,0.99843
3998,6289.98,0.998287
3999,6289.99,0.998123
4000,6290.0,0.997934
4001,6290.01,0.997715
4002,6290.02,0.99746
4003,6290.03,0.997163
4004,6290.04,0.996812
4005,6290.05,0.996394
4006,6290.06,0.995891
4007,6290.07,0.995279
4008,6290.08,0.994525
4009,6290.09,0.993581
4010,6290.1,0.992375
4011,6290.11,0.990799
4012,6290.12,0.988671
4013,6290.13,0.985678
4014,6290.14,0.981218
4015,6290.15,0.974049
4016,6290.16,0.961598
4017,6290.17,0.938995
4018,6290.18,0.898585
4019,6290.19,0.832545
4020,6290.2,0.742353
4021,6290.21,0.651369
4022,6290.22,0.600953
4023,6290.23,0.619411
4024,6290.24,0.695008
4025,6290.25,0.78836
4026,6290.26,0.866528
4027,6290.27,0.918919
4028,6290.28,0.949869
4029,6290.29,0.967244
4030,6290.3,0.977114
4031,6290.31,0.983044
4032,6290.32,0.986876
4033,6290.33,0.989517
4034,6290.34,0.991427
4035,6290.35,0.992861
4036,6290.36,0.993969
4037,6290.37,0.994843
4038,6290.38,0.995547
4039,6290.39,0.996121
4040,6290.4,0.996597
4041,6290.41,0.996995
4042,6290.42,0.997331
4043,6290.43,0.997617
4044,6290.44,0.997862
4045,6290.45,0.998075
4046,6290.46,0.99826
4047,6290.47,0.998423
4048,6290.48,0.998566
4049,6290.49,0.998694
4050,6290.5,0.998807
4051,6290.51,0.998908
4052,6290.52,0.998998
4053,6290.53,0.999078
4054,6290.54,0.999151
4055,6290.55,0.999217
4056,6290.56,0.999278
4057,6290.57,0.999333
4058,6290.58,0.999383
4059,6290.59,0.999429
4060,6290.6,0.999471
4061,6290.61,0.999509
4062,6290.62,0.999545
4063,6290.63,0.999577
4064,6290.64,0.999607
4065,6290.65,0.999634
4066,6290.66,0.999659
4067,6290.67,0.999683
4068,6290.68,0.999705
4069,6290.69,0.999725
4070,6290.7,0.999743
4071,6290.71,0.999761
4072,6290.72,0.999777
4073,6290.73,0.999792
4074,6290.74,0.999806
4075,6290.75,0.999819
4076,6290.76,0.999831
4077,6290.77,0.999842
4078,6290.78,0.999852
4079,6290.79,0.999862
4080,6290.8,0.999871
4081,6290.81,0.99988
4082,6290.82,0.999888
4083,6290.83,0.999895
4084,6290.84,0.999902
4085,6290.85,0.999909
4086,6290.86,0.999915
4087,6290.87,0.999921
4088,6290.88,0.999926
4089,6290.89,0.999931
4090,6290.9,0.999936
4091,6290.91,0.99994
4092,6290.92,0.999945
4093,6290.93,0.999948
4094,6290.94,0.999952
4095,6290.95,0.999955
4096,6290.96,0.999959
4097,6290.97,0.999961
4098,6290.98,0.999964
4099,6290.99,0.999967
4100,6291.0,0.999969
4101,6291.01,0.999972
4102,6291.02,0.999974
4103,6291.03,0.999976
4104,6291.04,0.999978
4105,6291.05,0.999979
4106,6291.06,0.999981
4107,6291.07,0.999982
4108,6291.08,0.999983
4109,6291.09,0.999985
4110,6291.1,0.999986
4111,6291.11,0.999987
4112,6291.12,0.999988
4113,6291.13,0.999988
4114,6291.14,0.999989
4115,6291.15,0.99999
4116,6291.16,0.99999
4117,6291.17,0.99999
4118,6291.18,0.999991
4119,6291.19,0.999991
4120,6291.2,0.999991
4121,6291.21,0.999991
4122,6291.22,0.999991
4123,6291.23,0.999991
4124,6291.24,0.999991
4125,6291.25,0.99999
4126,6291.26,0.99999
4127,6291.27,0.999989
4128,6291.28,0.999989
4129,6291.29,0.999988
4130,6291.3,0.999987
4131,6291.31,0.999986
4132,6291.32,0.999985
4133,6291.33,0.999984
4134,6291.34,0.999983
4135,6291.35,0.999982
4136,6291.36,0.99998
4137,6291.37,0.999978
4138,6291.38,0.999976
4139,6291.39,0.999974
4140,6291.4,0.999972
4141,6291.41,0.99997
4142,6291.42,0.999968
4143,6291.43,0.999965
4144,6291.44,0.999962
4145,6291.45,0.999959
4146,6291.46,0.999956
4147,6291.47,0.999952
4148,6291.48,0.999948
4149,6291.49,0.999944
4150,6291.5,0.99994
4151,6291.51,0.999935
4152,6291.52,0.99993
4153,6291.53,0.999924
4154,6291.54,0.999919
4155,6291.55,0.999912
4156,6291.56,0.999906
4157,6291.57,0.999899
4158,6291.58,0.999891
4159,6291.59,0.999883
4160,6291.6,0.999874
4161,6291.61,0.999865
4162,6291.62,0.999854
4163,6291.63,0.999844
4164,6291.64,0.999832
4165,6291.65,0.999819
4166,6291.66,0.999806
4167,6291.67,0.999791
4168,6291.68,0.999776
4169,6291.69,0.999759
4170,6291.7,0.999741
4171,6291.71,0.999721
4172,6291.72,0.9997
4173,6291.73,0.999677
4174,6291.74,0.999652
4175,6291.75,0.999625
4176,6291.76,0.999596
4177,6291.77,0.999564
4178,6291.78,0.999529
4179,6291.79,0.999492
4180,6291.8,0.99945
4181,6291.81,0.999405
4182,6291.82,0.999355
4183,6291.83,0.9993
4184,6291.84,0.99924
4185,6291.85,0.999175
4186,6291.86,0.999102
4187,6291.87,0.999021
4188,6291.88,0.998931
4189,6291.89,0.99883
4190,6291.9,0.998716
4191,6291.91,0.998587
4192,6291.92,0.998442
4193,6291.93,0.998275
4194,6291.94,0.998084
4195,6291.95,0.997865
4196,6291.96,0.997612
4197,6291.97,0.997317
4198,6291.98,0.996969
4199,6291.99,0.996556
4200,6292.0,0.996061
4201,6292.01,0.995459
4202,6292.02,0.994717
4203,6292.03,0.993787
4204,6292.04,0.992599
4205,6292.05,0.991041
4206,6292.06,0.988934
4207,6292.07,0.98596
4208,6292.08,0.981501
4209,6292.09,0.97429
4210,6292.1,0.961697
4211,6292.11,0.938739
4212,6292.12,0.897661
4213,6292.13,0.830439
4214,6292.14,0.738205
4215,6292.15,0.644648
4216,6292.16,0.592555
4217,6292.17,0.611605
4218,6292.18,0.689858
4219,6292.19,0.786219
4220,6292.2,0.866337
4221,6292.21,0.91954
4222,6292.22,0.950696
4223,6292.23,0.968016
4224,6292.24,0.977745
4225,6292.25,0.983544
4226,6292.26,0.987269
4227,6292.27,0.989825
4228,6292.28,0.991671
4229,6292.29,0.993054
4230,6292.3,0.994119
4231,6292.31,0.994959
4232,6292.32,0.995633
4233,6292.33,0.996181
4234,6292.34,0.996632
4235,6292.35,0.997008
4236,6292.36,0.997323
4237,6292.37,0.99759
4238,6292.38,0.997817
4239,6292.39,0.998011
4240,6292.4,0.998178
4241,6292.41,0.998321
4242,6292.42,0.998445
4243,6292.43,0.998553
4244,6292.44,0.998647
4245,6292.45,0.998727
4246,6292.46,0.998797
4247,6292.47,0.998857
4248,6292.48,0.998907
4249,6292.49,0.998949
4250,6292.5,0.998983
4251,6292.51,0.999011
4252,6292.52,0.999031
4253,6292.53,0.999045
4254,6292.54,0.999053
4255,6292.55,0.999055
4256,6292.56,0.99905
4257,6292.57,0.99904
4258,6292.58,0.999023
4259,6292.59,0.999
4260,6292.6,0.99897
4261,6292.61,0.998934
4262,6292.62,0.99889
4263,6292.63,0.998838
4264,6292.64,0.998777
4265,6292.65,0.998706
4266,6292.66,0.998625
4267,6292.67,0.998532
4268,6292.68,0.998427
4269,6292.69,0.998308
4270,6292.7,0.998172
4271,6292.71,0.998016
4272,6292.72,0.997837
4273,6292.73,0.99763
4274,6292.74,0.99739
4275,6292.75,0.997111
4276,6292.76,0.996786
4277,6292.77,0.996405
4278,6292.78,0.995954
4279,6292.79,0.995414
4280,6292.8,0.994761
4281,6292.81,0.993962
4282,6292.82,0.992972
4283,6292.83,0.991724
4284,6292.84,0.990118
4285,6292.85,0.987997
4286,6292.86,0.985102
4287,6292.87,0.980959
4288,6292.88,0.974654
4289,6292.89,0.964313
4290,6292.9,0.946198
4291,6292.91,0.913717
4292,6292.92,0.857666
4293,6292.93,0.771109
4294,6292.94,0.662157
4295,6292.95,0.565408
4296,6292.96,0.528123
4297,6292.97,0.571078
4298,6292.98,0.668844
4299,6292.99,0.775232
4300,6293.0,0.859098
4301,6293.01,0.913752
4302,6293.02,0.94579
4303,6293.03,0.963885
4304,6293.04,0.974335
4305,6293.05,0.980746
4306,6293.06,0.984964
4307,6293.07,0.987913
4308,6293.08,0.990071
4309,6293.09,0.991705
4310,6293.1,0.992977
4311,6293.11,0.993989
4312,6293.12,0.994807
4313,6293.13,0.995475
4314,6293.14,0.996026
4315,6293.15,0.996484
4316,6293.16,0.996871
4317,6293.17,0.997202
4318,6293.18,0.997488
4319,6293.19,0.997736
4320,6293.2,0.997954
4321,6293.21,0.998146
4322,6293.22,0.998316
4323,6293.23,0.998466
4324,6293.24,0.998599
4325,6293.25,0.998718
4326,6293.26,0.998824
4327,6293.27,0.99892
4328,6293.28,0.999006
4329,6293.29,0.999085
4330,6293.3,0.999156
4331,6293.31,0.999222
4332,6293.32,0.999282
4333,6293.33,0.999336
4334,6293.34,0.999386
4335,6293.35,0.999431
4336,6293.36,0.999473
4337,6293.37,0.999511
4338,6293.38,0.999546
4339,6293.39,0.999578
4340,6293.4,0.999608
4341,6293.41,0.999636
4342,6293.42,0.999662
4343,6293.43,0.999686
4344,6293.44,0.999708
4345,6293.45,0.999728
4346,6293.46,0.999748
4347,6293.47,0.999765
4348,6293.48,0.999782
4349,6293.49,0.999797
4350,6293.5,0.999811
4351,6293.51,0.999824
4352,6293.52,0.999836
4353,6293.53,0.999848
4354,6293.54,0.999858
4355,6293.55,0.999868
4356,6293.56,0.999877
4357,6293.57,0.999886
4358,6293.58,0.999894
4359,6293.59,0.999901
4360,6293.6,0.999909
4361,6293.61,0.999915
4362,6293.62,0.999921
4363,6293.63,0.999927
4364,6293.64,0.999932
4365,6293.65,0.999937
4366,6293.66,0.999942
4367,6293.67,0.999946
4368,6293.68,0.99995
4369,6293.69,0.999954
4370,6293.7,0.999958
4371,6293.71,0.999961
4372,6293.72,0.999964
4373,6293.73,0.999967
4374,6293.74,0.99997
4375,6293.75,0.999972
4376,6293.76,0.999974
4377,6293.77,0.999977
4378,6293.78,0.999979
4379,6293.79,0.99998
4380,6293.8,0.999982
4381,6293.81,0.999984
4382,6293.82,0.999985
4383,6293.83,0.999987
4384,6293.84,0.999988
4385,6293.85,0.999989
4386,6293.86,0.99999
4387,6293.87,0.999991
4388,6293.88,0.999992
4389,6293.89,0.999993
4390,6293.9,0.999994
4391,6293.91,0.999994
4392,6293.92,0.999995
4393,6293.93,0.999996
4394,6293.94,0.999996
4395,6293.95,0.999997
4396,6293.96,0.999997
4397,6293.97,0.999997
4398,6293.98,0.999998
4399,6293.99,0.999998
4400,6294.0,0.999998
4401,6294.01,0.999999
4402,6294.02,0.999999
4403,6294.03,0.999999
4404,6294.04,0.999999
4405,6294.05,0.999999
4406,6294.06,0.999999
4407,6294.07,0.999999
4408,6294.08,0.999999
4409,6294.09,0.999999
4410,6294.1,0.999999
4411,6294.11,0.999999
4412,6294.12,0.999999
4413,6294.13,0.999999
4414,6294.14,0.999999
4415,6294.15,0.999999
4416,6294.16,0.999999
4417,6294.17,0.999999
4418,6294.18,0.999998
4419,6294.19,0.999998
4420,6294.2,0.999998
4421,6294.21,0.999997
4422,6294.22,0.999997
4423,6294.23,0.999996
4424,6294.24,0.999996
4425,6294.25,0.999995
4426,6294.26,0.999995
4427,6294.27,0.999994
4428,6294.28,0.999993
4429,6294.29,0.999992
4430,6294.3,0.999991
4431,6294.31,0.99999
4432,6294.32,0.999989
4433,6294.33,0.999988
4434,6294.34,0.999987
4435,6294.35,0.999985
4436,6294.36,0.999984
4437,6294.37,0.999982
4438,6294.38,0.99998
4439,6294.39,0.999979
4440,6294.4,0.999977
4441,6294.41,0.999974
4442,6294.42,0.999972
4443,6294.43,0.999969
4444,6294.44,0.999967
4445,6294.45,0.999964
4446,6294.46,0.99996
4447,6294.47,0.999957
4448,6294.48,0.999953
4449,6294.49,0.999949
4450,6294.5,0.999945
4451,6294.51,0.999941
4452,6294.52,0.999936
4453,6294.53,0.999931
4454,6294.54,0.999925
4455,6294.55,0.999919
4456,6294.56,0.999913
4457,6294.57,0.999906
4458,6294.58,0.999898
4459,6294.59,0.99989
4460,6294.6,0.999882
4461,6294.61,0.999872
4462,6294.62,0.999863
4463,6294.63,0.999852
4464,6294.64,0.999841
4465,6294.65,0.999828
4466,6294.66,0.999815
4467,6294.67,0.999801
4468,6294.68,0.999786
4469,6294.69,0.999769
4470,6294.7,0.999751
4471,6294.71,0.999732
4472,6294.72,0.999712
4473,6294.73,0.999689
4474,6294.74,0.999665
4475,6294.75,0.999639
4476,6294.76,0.999611
4477,6294.77,0.99958
4478,6294.78,0.999547
4479,6294.79,0.99951
4480,6294.8,0.999471
4481,6294.81,0.999427
4482,6294.82,0.99938
4483,6294.83,0.999328
4484,6294.84,0.999271
4485,6294.85,0.999209
4486,6294.86,0.99914
4487,6294.87,0.999063
4488,6294.88,0.998978
4489,6294.89,0.998884
4490,6294.9,0.998779
4491,6294.91,0.998663
4492,6294.92,0.998533
4493,6294.93,0.998386
4494,6294.94,0.99822
4495,6294.95,0.998029
4496,6294.96,0.99781
4497,6294.97,0.997557
4498,6294.98,0.997263
4499,6294.99,0.996918
4500,6295.0,0.996511
4501,6295.01,0.996026
4502,6295.02,0.995441
4503,6295.03,0.994727
4504,6295.04,0.993844
4505,6295.05,0.992728
4506,6295.06,0.991292
4507,6295.07,0.989395
4508,6295.08,0.986798
4509,6295.09,0.98307
4510,6295.1,0.977354
4511,6295.11,0.967852
4512,6295.12,0.95094
4513,6295.13,0.920137
4514,6295.14,0.866322
4515,6295.15,0.782932
4516,6295.16,0.678708
4517,6295.17,0.587804
4518,6295.18,0.555287
4519,6295.19,0.599635
4520,6295.2,0.694675
4521,6295.21,0.795609
4522,6295.22,0.873669
4523,6295.23,0.923637
4524,6295.24,0.952426
4525,6295.25,0.968453
4526,6295.26,0.97761
4527,6295.27,0.98319
4528,6295.28,0.986853
4529,6295.29,0.989412
4530,6295.3,0.991282
4531,6295.31,0.992698
4532,6295.32,0.993796
4533,6295.33,0.994666
4534,6295.34,0.995367
4535,6295.35,0.995939
4536,6295.36,0.996412
4537,6295.37,0.996806
4538,6295.38,0.997139
4539,6295.39,0.99742
4540,6295.4,0.997659
4541,6295.41,0.997864
4542,6295.42,0.99804
4543,6295.43,0.998191
4544,6295.44,0.998323
4545,6295.45,0.998437
4546,6295.46,0.998536
4547,6295.47,0.998621
4548,6295.48,0.998694
4549,6295.49,0.998756
4550,6295.5,0.998807
4551,6295.51,0.99885
4552,6295.52,0.998884
4553,6295.53,0.998911
4554,6295.54,0.99893
4555,6295.55,0.998941
4556,6295.56,0.998946
4557,6295.57,0.998943
4558,6295.58,0.998934
4559,6295.59,0.998917
4560,6295.6,0.998893
4561,6295.61,0.998861
4562,6295.62,0.998822
4563,6295.63,0.998774
4564,6295.64,0.998716
4565,6295.65,0.998648
4566,6295.66,0.99857
4567,6295.67,0.998479
4568,6295.68,0.998375
4569,6295.69,0.998257
4570,6295.7,0.998122
4571,6295.71,0.997967
4572,6295.72,0.997789
4573,6295.73,0.997584
4574,6295.74,0.997346
4575,6295.75,0.997067
4576,6295.76,0.996741
4577,6295.77,0.996358
4578,6295.78,0.995905
4579,6295.79,0.995366
4580,6295.8,0.994716
4581,6295.81,0.993923
4582,6295.82,0.992941
4583,6295.83,0.991707
4584,6295.84,0.990124
4585,6295.85,0.988046
4586,6295.86,0.98523
4587,6295.87,0.981241
4588,6295.88,0.97525
4589,6295.89,0.965563
4590,6295.9,0.94876
4591,6295.91,0.918624
4592,6295.92,0.865936
4593,6295.93,0.782262
4594,6295.94,0.671824
4595,6295.95,0.565051
4596,6295.96,0.510629
4597,6295.97,0.538503
4598,6295.98,0.631847
4599,6295.99,0.744022
4600,6296.0,0.83747
4601,6296.01,0.900454
4602,6296.02,0.938032
4603,6296.03,0.959317
4604,6296.04,0.971496
4605,6296.05,0.978852
4606,6296.06,0.983615
4607,6296.07,0.986904
4608,6296.08,0.989289
4609,6296.09,0.991082
4610,6296.1,0.992469
4611,6296.11,0.993565
4612,6296.12,0.994446
4613,6296.13,0.995166
4614,6296.14,0.995761
4615,6296.15,0.996259
4616,6296.16,0.99668
4617,6296.17,0.997039
4618,6296.18,0.997348
4619,6296.19,0.997615
4620,6296.2,0.997846
4621,6296.21,0.998049
4622,6296.22,0.998228
4623,6296.23,0.998387
4624,6296.24,0.998529
4625,6296.25,0.998656
4626,6296.26,0.99877
4627,6296.27,0.998872
4628,6296.28,0.998963
4629,6296.29,0.999046
4630,6296.3,0.999122
4631,6296.31,0.99919
4632,6296.32,0.999253
4633,6296.33,0.99931
4634,6296.34,0.999363
4635,6296.35,0.99941
4636,6296.36,0.999454
4637,6296.37,0.999494
4638,6296.38,0.999531
4639,6296.39,0.999565
4640,6296.4,0.999597
4641,6296.41,0.999626
4642,6296.42,0.999653
4643,6296.43,0.999677
4644,6296.44,0.9997
4645,6296.45,0.999722
4646,6296.46,0.999742
4647,6296.47,0.99976
4648,6296.48,0.999777
4649,6296.49,0.999793
4650,6296.5,0.999808
4651,6296.51,0.999822
4652,6296.52,0.999835
4653,6296.53,0.999847
4654,6296.54,0.999858
4655,6296.55,0.999868
4656,6296.56,0.999878
4657,6296.57,0.999886
4658,6296.58,0.999895
4659,6296.59,0.999902
4660,6296.6,0.99991
4661,6296.61,0.999916
4662,6296.62,0.999923
4663,6296.63,0.999929
4664,6296.64,0.999934
4665,6296.65,0.999939
4666,6296.66,0.999944
4667,6296.67,0.999948
4668,6296.68,0.999952
4669,6296.69,0.999956
4670,6296.7,0.99996
4671,6296.71,0.999963
4672,6296.72,0.999966
4673,6296.73,0.999969
4674,6296.74,0.999972
4675,6296.75,0.999974
4676,6296.76,0.999976
4677,6296.77,0.999978
4678,6296.78,0.99998
4679,6296.79,0.999982
4680,6296.8,0.999984
4681,6296.81,0.999985
4682,6296.82,0.999987
4683,6296.83,0.999988
4684,6296.84,0.999989
4685,6296.85,0.999991
4686,6296.86,0.999992
4687,6296.87,0.999993
4688,6296.88,0.999993
4689,6296.89,0.999994
4690,6296.9,0.999995
4691,6296.91,0.999995
4692,6296.92,0.999996
4693,6296.93,0.999997
4694,6296.94,0.999997
4695,6296.95,0.999997
4696,6296.96,0.999998
4697,6296.97,0.999998
4698,6296.98,0.999998
4699,6296.99,0.999999
4700,6297.0,0.999999
4701,6297.01,0.999999
4702,6297.02,0.999999
4703,6297.03,0.999999
4704,6297.04,1.0
4705,6297.05,1.0
4706,6297.06,1.0
4707,6297.07,1.0
4708,6297.08,1.0
4709,6297.09,1.0
4710,6297.1,1.0
4711,6297.11,1.0
4712,6297.12,1.0
4713,6297.13,1.0
4714,6297.14,1.0
4715,6297.15,1.0
4716,6297.16,1.0
4717,6297.17,1.0
4718,6297.18,1.0
4719,6297.19,1.0
4720,6297.2,1.0
4721,6297.21,1.0
4722,6297.22,1.0
4723,6297.23,1.0
4724,6297.24,1.0
4725,6297.25,1.0
4726,6297.26,1.0
4727,6297.27,1.0
4728,6297.28,1.0
4729,6297.29,1.0
4730,6297.3,1.0
4731,6297.31,1.0
4732,6297.32,1.0
4733,6297.33,1.0
4734,6297.34,1.0
4735,6297.35,1.0
4736,6297.36,1.0
4737,6297.37,1.0
4738,6297.38,1.0
4739,6297.39,1.0
4740,6297.4,1.0
4741,6297.41,1.0
4742,6297.42,0.999999
4743,6297.43,0.999999
4744,6297.44,0.999999
4745,6297.45,0.999999
4746,6297.46,0.999999
4747,6297.47,0.999999
4748,6297.48,0.999998
4749,6297.49,0.999998
4750,6297.5,0.999998
4751,6297.51,0.999997
4752,6297.52,0.999997
4753,6297.53,0.999996
4754,6297.54,0.999996
4755,6297.55,0.999995
4756,6297.56,0.999994
4757,6297.57,0.999994
4758,6297.58,0.999993
4759,6297.59,0.999992
4760,6297.6,0.999991
4761,6297.61,0.99999
4762,6297.62,0.999989
4763,6297.63,0.999987
4764,6297.64,0.999986
4765,6297.65,0.999985
4766,6297.66,0.999983
4767,6297.67,0.999981
4768,6297.68,0.999979
4769,6297.69,0.999977
4770,6297.7,0.999975
4771,6297.71,0.999973
4772,6297.72,0.99997
4773,6297.73,0.999967
4774,6297.74,0.999964
4775,6297.75,0.999961
4776,6297.76,0.999957
4777,6297.77,0.999954
4778,6297.78,0.99995
4779,6297.79,0.999945
4780,6297.8,0.999941
4781,6297.81,0.999936
4782,6297.82,0.99993
4783,6297.83,0.999924
4784,6297.84,0.999918
4785,6297.85,0.999912
4786,6297.86,0.999905
4787,6297.87,0.999897
4788,6297.88,0.999889
4789,6297.89,0.99988
4790,6297.9,0.99987
4791,6297.91,0.99986
4792,6297.92,0.999849
4793,6297.93,0.999837
4794,6297.94,0.999824
4795,6297.95,0.99981
4796,6297.96,0.999796
4797,6297.97,0.99978
4798,6297.98,0.999762
4799,6297.99,0.999744
4800,6298.0,0.999724
4801,6298.01,0.999702
4802,6298.02,0.999679
4803,6298.03,0.999653
4804,6298.04,0.999626
4805,6298.05,0.999596
4806,6298.06,0.999563
4807,6298.07,0.999528
4808,6298.08,0.999489
4809,6298.09,0.999447
4810,6298.1,0.9994
4811,6298.11,0.99935
4812,6298.12,0.999294
4813,6298.13,0.999233
4814,6298.14,0.999165
4815,6298.15,0.99909
4816,6298.16,0.999007
4817,6298.17,0.998915
4818,6298.18,0.998811
4819,6298.19,0.998696
4820,6298.2,0.998567
4821,6298.21,0.998422
4822,6298.22,0.998257
4823,6298.23,0.99807
4824,6298.24,0.997854
4825,6298.25,0.997604
4826,6298.26,0.997313
4827,6298.27,0.99697
4828,6298.28,0.996564
4829,6298.29,0.996078
4830,6298.3,0.99549
4831,6298.31,0.99477
4832,6298.32,0.993874
4833,6298.33,0.99274
4834,6298.34,0.99127
4835,6298.35,0.989313
4836,6298.36,0.986606
4837,6298.37,0.982656
4838,6298.38,0.976476
4839,6298.39,0.965983
4840,6298.4,0.947031
4841,6298.41,0.912513
4842,6298.42,0.85322
4843,6298.43,0.764456
4844,6298.44,0.6601
4845,6298.45,0.579475
4846,6298.46,0.565074
4847,6298.47,0.624803
4848,6298.48,0.724636
4849,6298.49,0.82098
4850,6298.5,0.891074
4851,6298.51,0.934261
4852,6298.52,0.958674
4853,6298.53,0.972208
4854,6298.54,0.980011
4855,6298.55,0.984841
4856,6298.56,0.988058
4857,6298.57,0.99033
4858,6298.58,0.992006
4859,6298.59,0.993282
4860,6298.6,0.994277
4861,6298.61,0.995069
4862,6298.62,0.995708
4863,6298.63,0.996231
4864,6298.64,0.996664
4865,6298.65,0.997026
4866,6298.66,0.997332
4867,6298.67,0.997591
4868,6298.68,0.997812
4869,6298.69,0.998001
4870,6298.7,0.998164
4871,6298.71,0.998304
4872,6298.72,0.998424
4873,6298.73,0.998528
4874,6298.74,0.998618
4875,6298.75,0.998696
4876,6298.76,0.998763
4877,6298.77,0.99882
4878,6298.78,0.998867
4879,6298.79,0.998905
4880,6298.8,0.998935
4881,6298.81,0.998957
4882,6298.82,0.998972
4883,6298.83,0.998979
4884,6298.84,0.99898
4885,6298.85,0.998974
4886,6298.86,0.99896
4887,6298.87,0.99894
4888,6298.88,0.998912
4889,6298.89,0.998876
4890,6298.9,0.998832
4891,6298.91,0.998779
4892,6298.92,0.998717
4893,6298.93,0.998644
4894,6298.94,0.99856
4895,6298.95,0.998462
4896,6298.96,0.99835
4897,6298.97,0.998222
4898,6298.98,0.998074
4899,6298.99,0.997903
4900,6299.0,0.997705
4901,6299.01,0.997477
4902,6299.02,0.997211
4903,6299.03,0.996901
4904,6299.04,0.996534
4905,6299.05,0.996099
4906,6299.06,0.995576
4907,6299.07,0.994942
4908,6299.08,0.994166
4909,6299.09,0.993201
4910,6299.1,0.991981
4911,6299.11,0.99041
4912,6299.12,0.988329
4913,6299.13,0.985475
4914,6299.14,0.981371
4915,6299.15,0.975058
4916,6299.16,0.964546
4917,6299.17,0.945865
4918,6299.18,0.912033
4919,6299.19,0.853553
4920,6299.2,0.764173
4921,6299.21,0.654035
4922,6299.22,0.559575
4923,6299.23,0.527444
4924,6299.24,0.575493
4925,6299.25,0.675896
4926,6299.26,0.782398
4927,6299.27,0.865008
4928,6299.28,0.91806
4929,6299.29,0.948756
4930,6299.3,0.965932
4931,6299.31,0.975789
4932,6299.32,0.98182
4933,6299.33,0.985792
4934,6299.34,0.988572
4935,6299.35,0.990607
4936,6299.36,0.99215
4937,6299.37,0.993351
4938,6299.38,0.994304
4939,6299.39,0.995074
4940,6299.4,0.995705
4941,6299.41,0.996229
4942,6299.42,0.996668
4943,6299.43,0.99704
4944,6299.44,0.997356
4945,6299.45,0.997626
4946,6299.46,0.99786
4947,6299.47,0.998064
4948,6299.48,0.998245
4949,6299.49,0.998405
4950,6299.5,0.998546
4951,6299.51,0.998673
4952,6299.52,0.998786
4953,6299.53,0.998888
4954,6299.54,0.998981
4955,6299.55,0.999065
4956,6299.56,0.999141
4957,6299.57,0.999209
4958,6299.58,0.999272
4959,6299.59,0.999328
4960,6299.6,0.99938
4961,6299.61,0.999427
4962,6299.62,0.99947
4963,6299.63,0.99951
4964,6299.64,0.999547
4965,6299.65,0.99958
4966,6299.66,0.999611
4967,6299.67,0.999639
4968,6299.68,0.999666
4969,6299.69,0.99969
4970,6299.7,0.999712
4971,6299.71,0.999733
4972,6299.72,0.999753
4973,6299.73,0.99977
4974,6299.74,0.999787
4975,6299.75,0.999802
4976,6299.76,0.999817
4977,6299.77,0.99983
4978,6299.78,0.999842
4979,6299.79,0.999854
4980,6299.8,0.999865
4981,6299.81,0.999875
4982,6299.82,0.999884
4983,6299.83,0.999892
4984,6299.84,0.999901
4985,6299.85,0.999908
4986,6299.86,0.999915
4987,6299.87,0.999921
4988,6299.88,0.999928
4989,6299.89,0.999933
4990,6299.9,0.999938
4991,6299.91,0.999943
4992,6299.92,0.999948
4993,6299.93,0.999952
4994,6299.94,0.999956
4995,6299.95,0.99996
4996,6299.96,0.999963
4997,6299.97,0.999966
4998,6299.98,0.999969
4999,6299.99,0.999972
5000,6300.0,0.999974
5001,6300.01,0.999977
5002,6300.02,0.999979
5003,6300.03,0.999981
5004,6300.04,0.999983
5005,6300.05,0.999984
5006,6300.06,0.999986
5007,6300.07,0.999987
5008,6300.08,0.999989
5009,6300.09,0.99999
5010,6300.1,0.999991
5011,6300.11,0.999992
5012,6300.12,0.999993
5013,6300.13,0.999994
5014,6300.14,0.999994
5015,6300.15,0.999995
5016,6300.16,0.999996
5017,6300.17,0.999996
5018,6300.18,0.999997
5019,6300.19,0.999997
5020,6300.2,0.999998
5021,6300.21,0.999998
5022,6300.22,0.999998
5023,6300.23,0.999999
5024,6300.24,0.999999
5025,6300.25,0.999999
5026,6300.26,0.999999
5027,6300.27,0.999999
5028,6300.28,1.0
5029,6300.29,1.0
5030,6300.3,1.0
5031,6300.31,1.0
5032,6300.32,1.0
5033,6300.33,1.0
5034,6300.34,1.0
5035,6300.35,1.0
5036,6300.36,1.0
5037,6300.37,1.0
5038,6300.38,1.0
5039,6300.39,1.0
5040,6300.4,1.0
5041,6300.41,1.0
5042,6300.42,1.0
5043,6300.43,1.0
5044,6300.44,1.0
5045,6300.45,1.0
5046,6300.46,1.0
5047,6300.47,1.0
5048,6300.48,1.0
5049,6300.49,1.0
5050,6300.5,1.0
5051,6300.51,1.0
5052,6300.52,1.0
5053,6300.53,1.0
5054,6300.54,1.0
5055,6300.55,1.0
5056,6300.56,1.0
5057,6300.57,1.0
5058,6300.58,1.0
5059,6300.59,1.0
5060,6300.6,1.0
5061,6300.61,1.0
5062,6300.62,1.0
5063,6300.63,1.0
5064,6300.64,1.0
5065,6300.65,1.0
5066,6300.66,1.0
5067,6300.67,1.0
5068,6300.68,1.0
5069,6300.69,1.0
5070,6300.7,1.0
5071,6300.71,1.0
5072,6300.72,1.0
5073,6300.73,1.0
5074,6300.74,1.0
5075,6300.75,1.0
5076,6300.76,1.0
5077,6300.77,1.0
5078,6300.78,1.0
5079,6300.79,1.0
5080,6300.8,1.0
5081,6300.81,1.0
5082,6300.82,1.0
5083,6300.83,1.0
5084,6300.84,1.0
5085,6300.85,1.0
5086,6300.86,1.0
5087,6300.87,1.0
5088,6300.88,1.0
5089,6300.89,1.0
5090,6300.9,1.0
5091,6300.91,1.0
5092,6300.92,1.0
5093,6300.93,1.0
5094,6300.94,1.0
5095,6300.95,1.0
5096,6300.96,1.0
5097,6300.97,1.0
5098,6300.98,1.0
5099,6300.99,0.999999
5100,6301.0,0.999999
5101,6301.01,0.999999
5102,6301.02,0.999999
5103,6301.03,0.999999
5104,6301.04,0.999998
5105,6301.05,0.999998
5106,6301.06,0.999998
5107,6301.07,0.999997
5108,6301.08,0.999997
5109,6301.09,0.999996
5110,6301.1,0.999996
5111,6301.11,0.999995
5112,6301.12,0.999995
5113,6301.13,0.999994
5114,6301.14,0.999993
5115,6301.15,0.999992
5116,6301.16,0.999991
5117,6301.17,0.99999
5118,6301.18,0.999989
5119,6301.19,0.999988
5120,6301.2,0.999987
5121,6301.21,0.999985
5122,6301.22,0.999984
5123,6301.23,0.999982
5124,6301.24,0.99998
5125,6301.25,0.999978
5126,6301.26,0.999976
5127,6301.27,0.999974
5128,6301.28,0.999971
5129,6301.29,0.999969
5130,6301.3,0.999966
5131,6301.31,0.999963
5132,6301.32,0.999959
5133,6301.33,0.999956
5134,6301.34,0.999952
5135,6301.35,0.999948
5136,6301.36,0.999943
5137,6301.37,0.999938
5138,6301.38,0.999933
5139,6301.39,0.999928
5140,6301.4,0.999922
5141,6301.41,0.999915
5142,6301.42,0.999908
5143,6301.43,0.999901
5144,6301.44,0.999893
5145,6301.45,0.999884
5146,6301.46,0.999875
5147,6301.47,0.999865
5148,6301.48,0.999854
5149,6301.49,0.999842
5150,6301.5,0.99983
5151,6301.51,0.999816
5152,6301.52,0.999802
5153,6301.53,0.999786
5154,6301.54,0.999769
5155,6301.55,0.999751
5156,6301.56,0.999731
5157,6301.57,0.99971
5158,6301.58,0.999687
5159,6301.59,0.999662
5160,6301.6,0.999634
5161,6301.61,0.999605
5162,6301.62,0.999572
5163,6301.63,0.999537
5164,6301.64,0.999498
5165,6301.65,0.999455
5166,6301.66,0.999409
5167,6301.67,0.999357
5168,6301.68,0.9993
5169,6301.69,0.999237
5170,6301.7,0.999168
5171,6301.71,0.999091
5172,6301.72,0.999006
5173,6301.73,0.998911
5174,6301.74,0.998804
5175,6301.75,0.998683
5176,6301.76,0.998546
5177,6301.77,0.99839
5178,6301.78,0.99821
5179,6301.79,0.998003
5180,6301.8,0.997762
5181,6301.81,0.99748
5182,6301.82,0.997147
5183,6301.83,0.99675
5184,6301.84,0.996273
5185,6301.85,0.995689
5186,6301.86,0.994964
5187,6301.87,0.99405
5188,6301.88,0.992874
5189,6301.89,0.991319
5190,6301.9,0.989191
5191,6301.91,0.986134
5192,6301.92,0.981434
5193,6301.93,0.973573
5194,6301.94,0.959401
5195,6301.95,0.933168
5196,6301.96,0.886491
5197,6301.97,0.812522
5198,6301.98,0.717719
5199,6301.99,0.632682
5200,6302.0,0.59993
5201,6302.01,0.638476
5202,6302.02,0.725157
5203,6302.03,0.817746
5204,6302.04,0.888814
5205,6302.05,0.933771
5206,6302.06,0.959336
5207,6302.07,0.973342
5208,6302.08,0.98122
5209,6302.09,0.985965
5210,6302.1,0.989051
5211,6302.11,0.991194
5212,6302.12,0.992752
5213,6302.13,0.993923
5214,6302.14,0.994831
5215,6302.15,0.995553
5216,6302.16,0.996137
5217,6302.17,0.996616
5218,6302.18,0.997012
5219,6302.19,0.997342
5220,6302.2,0.997619
5221,6302.21,0.997853
5222,6302.22,0.998053
5223,6302.23,0.998225
5224,6302.24,0.998372
5225,6302.25,0.998499
5226,6302.26,0.998608
5227,6302.27,0.998702
5228,6302.28,0.998783
5229,6302.29,0.998852
5230,6302.3,0.998911
5231,6302.31,0.998961
5232,6302.32,0.999003
5233,6302.33,0.999037
5234,6302.34,0.999064
5235,6302.35,0.999084
5236,6302.36,0.999098
5237,6302.37,0.999105
5238,6302.38,0.999105
5239,6302.39,0.9991
5240,6302.4,0.999088
5241,6302.41,0.99907
5242,6302.42,0.999046
5243,6302.43,0.999014
5244,6302.44,0.998974
5245,6302.45,0.998926
5246,6302.46,0.99887
5247,6302.47,0.998804
5248,6302.48,0.998728
5249,6302.49,0.998641
5250,6302.5,0.998542
5251,6302.51,0.998427
5252,6302.52,0.998293
5253,6302.53,0.998138
5254,6302.54,0.997959
5255,6302.55,0.99775
5256,6302.56,0.997506
5257,6302.57,0.997219
5258,6302.58,0.996879
5259,6302.59,0.996472
5260,6302.6,0.995981
5261,6302.61,0.995383
5262,6302.62,0.994644
5263,6302.63,0.993717
5264,6302.64,0.99253
5265,6302.65,0.990974
5266,6302.66,0.988874
5267,6302.67,0.98591
5268,6302.68,0.981473
5269,6302.69,0.974285
5270,6302.7,0.961673
5271,6302.71,0.938554
5272,6302.72,0.896884
5273,6302.73,0.828138
5274,6302.74,0.732883
5275,6302.75,0.634501
5276,6302.76,0.576816
5277,6302.77,0.591974
5278,6302.78,0.670025
5279,6302.79,0.769875
5280,6302.8,0.855201
5281,6302.81,0.912992
5282,6302.82,0.947091
5283,6302.83,0.965976
5284,6302.84,0.976487
5285,6302.85,0.982692
5286,6302.86,0.986664
5287,6302.87,0.989392
5288,6302.88,0.991362
5289,6302.89,0.992836
5290,6302.9,0.993971
5291,6302.91,0.994863
5292,6302.92,0.995577
5293,6302.93,0.996159
5294,6302.94,0.996639
5295,6302.95,0.99704
5296,6302.96,0.997378
5297,6302.97,0.997665
5298,6302.98,0.997911
5299,6302.99,0.998122
5300,6303.0,0.998305
5301,6303.01,0.998466
5302,6303.02,0.998608
5303,6303.03,0.998734
5304,6303.04,0.998846
5305,6303.05,0.998947
5306,6303.06,0.999037
5307,6303.07,0.999118
5308,6303.08,0.999191
5309,6303.09,0.999257
5310,6303.1,0.999317
5311,6303.11,0.999371
5312,6303.12,0.99942
5313,6303.13,0.999465
5314,6303.14,0.999506
5315,6303.15,0.999544
5316,6303.16,0.999578
5317,6303.17,0.99961
5318,6303.18,0.999639
5319,6303.19,0.999666
5320,6303.2,0.99969
5321,6303.21,0.999713
5322,6303.22,0.999734
5323,6303.23,0.999754
5324,6303.24,0.999772
5325,6303.25,0.999788
5326,6303.26,0.999804
5327,6303.27,0.999818
5328,6303.28,0.999831
5329,6303.29,0.999844
5330,6303.3,0.999855
5331,6303.31,0.999866
5332,6303.32,0.999876
5333,6303.33,0.999885
5334,6303.34,0.999894
5335,6303.35,0.999902
5336,6303.36,0.999909
5337,6303.37,0.999916
5338,6303.38,0.999922
5339,6303.39,0.999928
5340,6303.4,0.999934
5341,6303.41,0.999939
5342,6303.42,0.999944
5343,6303.43,0.999948
5344,6303.44,0.999953
5345,6303.45,0.999957
5346,6303.46,0.99996
5347,6303.47,0.999963
5348,6303.48,0.999967
5349,6303.49,0.999969
5350,6303.5,0.999972
5351,6303.51,0.999975
5352,6303.52,0.999977
5353,6303.53,0.999979
5354,6303.54,0.999981
5355,6303.55,0.999983
5356,6303.56,0.999984
5357,6303.57,0.999986
5358,6303.58,0.999987
5359,6303.59,0.999989
5360,6303.6,0.99999
5361,6303.61,0.999991
5362,6303.62,0.999992
5363,6303.63,0.999993
5364,6303.64,0.999994
5365,6303.65,0.999994
5366,6303.66,0.999995
5367,6303.67,0.999996
5368,6303.68,0.999996
5369,6303.69,0.999997
5370,6303.7,0.999997
5371,6303.71,0.999998
5372,6303.72,0.999998
5373,6303.73,0.999998
5374,6303.74,0.999999
5375,6303.75,0.999999
5376,6303.76,0.999999
5377,6303.77,0.999999
5378,6303.78,0.999999
5379,6303.79,1.0
5380,6303.8,1.0
5381,6303.81,1.0
5382,6303.82,1.0
5383,6303.83,1.0
5384,6303.84,1.0
5385,6303.85,1.0
5386,6303.86,1.0
5387,6303.87,1.0
5388,6303.88,1.0
5389,6303.89,1.0
5390,6303.9,1.0
5391,6303.91,1.0
5392,6303.92,1.0
5393,6303.93,1.0
5394,6303.94,1.0
5395,6303.95,1.0
5396,6303.96,1.0
5397,6303.97,1.0
5398,6303.98,1.0
5399,6303.99,1.0
5400,6304.0,1.0
5401,6304.01,1.0
5402,6304.02,1.0
5403,6304.03,1.0
5404,6304.04,1.0
5405,6304.05,1.0
5406,6304.06,1.0
5407,6304.07,1.0
5408,6304.08,1.0
5409,6304.09,1.0
5410,6304.1,1.0
5411,6304.11,1.0
5412,6304.12,1.0
5413,6304.13,1.0
5414,6304.14,1.0
5415,6304.15,1.0
5416,6304.16,1.0
5417,6304.17,1.0
5418,6304.18,1.0
5419,6304.19,1.0
5420,6304.2,1.0
5421,6304.21,1.0
5422,6304.22,1.0
5423,6304.23,1.0
5424,6304.24,1.0
5425,6304.25,1.0
5426,6304.26,1.0
5427,6304.27,1.0
5428,6304.28,1.0
5429,6304.29,1.0
5430,6304.3,1.0
5431,6304.31,1.0
5432,6304.32,1.0
5433,6304.33,1.0
5434,6304.34,1.0
5435,6304.35,1.0
5436,6304.36,1.0
5437,6304.37,1.0
5438,6304.38,1.0
5439,6304.39,1.0
5440,6304.4,1.0
5441,6304.41,1.0
5442,6304.42,1.0
5443,6304.43,1.0
5444,6304.44,1.0
5445,6304.45,1.0
5446,6304.46,1.0
5447,6304.47,1.0
5448,6304.48,1.0
5449,6304.49,1.0
5450,6304.5,1.0
5451,6304.51,1.0
5452,6304.52,1.0
5453,6304.53,1.0
5454,6304.54,1.0
5455,6304.55,1.0
5456,6304.56,1.0
5457,6304.57,1.0
5458,6304.58,1.0
5459,6304.59,1.0
5460,6304.6,1.0
5461,6304.61,1.0
5462,6304.62,1.0
5463,6304.63,1.0
5464,6304.64,1.0
5465,6304.65,1.0
5466,6304.66,1.0
5467,6304.67,1.0
5468,6304.68,1.0
5469,6304.69,1.0
5470,6304.7,1.0
5471,6304.71,1.0
5472,6304.72,1.0
5473,6304.73,1.0
5474,6304.74,1.0
5475,6304.75,1.0
5476,6304.76,1.0
5477,6304.77,1.0
5478,6304.78,1.0
5479,6304.79,1.0
5480,6304.8,1.0
5481,6304.81,1.0
5482,6304.82,0.999999
5483,6304.83,0.999999
5484,6304.84,0.999999
5485,6304.85,0.999999
5486,6304.86,0.999999
5487,6304.87,0.999998
5488,6304.88,0.999998
5489,6304.89,0.999998
5490,6304.9,0.999998
5491,6304.91,0.999997
5492,6304.92,0.999997
5493,6304.93,0.999996
5494,6304.94,0.999996
5495,6304.95,0.999995
5496,6304.96,0.999994
5497,6304.97,0.999994
5498,6304.98,0.999993
5499,6304.99,0.999992
5500,6305.0,0.999991
5501,6305.01,0.99999
5502,6305.02,0.999989
5503,6305.03,0.999988
5504,6305.04,0.999987
5505,6305.05,0.999985
5506,6305.06,0.999984
5507,6305.07,0.999982
5508,6305.08,0.99998
5509,6305.09,0.999978
5510,6305.1,0.999976
5511,6305.11,0.999974
5512,6305.12,0.999971
5513,6305.13,0.999969
5514,6305.14,0.999966
5515,6305.15,0.999963
5516,6305.16,0.999959
5517,6305.17,0.999956
5518,6305.18,0.999952
5519,6305.19,0.999948
5520,6305.2,0.999944
5521,6305.21,0.999939
5522,6305.22,0.999934
5523,6305.23,0.999928
5524,6305.24,0.999922
5525,6305.25,0.999916
5526,6305.26,0.999909
5527,6305.27,0.999902
5528,6305.28,0.999894
5529,6305.29,0.999886
5530,6305.3,0.999877
5531,6305.31,0.999867
5532,6305.32,0.999857
5533,6305.33,0.999845
5534,6305.34,0.999833
5535,6305.35,0.99982
5536,6305.36,0.999805
5537,6305.37,0.99979
5538,6305.38,0.999773
5539,6305.39,0.999754
5540,6305.4,0.999735
5541,6305.41,0.999713
5542,6305.42,0.99969
5543,6305.43,0.999664
5544,6305.44,0.999636
5545,6305.45,0.999605
5546,6305.46,0.999572
5547,6305.47,0.999535
5548,6305.48,0.999494
5549,6305.49,0.99945
5550,6305.5,0.999401
5551,6305.51,0.999346
5552,6305.52,0.999286
5553,6305.53,0.999218
5554,6305.54,0.999142
5555,6305.55,0.999057
5556,6305.56,0.998962
5557,6305.57,0.998854
5558,6305.58,0.998731
5559,6305.59,0.998591
5560,6305.6,0.998428
5561,6305.61,0.998238
5562,6305.62,0.998015
5563,6305.63,0.997751
5564,6305.64,0.997437
5565,6305.65,0.997057
5566,6305.66,0.996593
5567,6305.67,0.996017
5568,6305.68,0.995289
5569,6305.69,0.994352
5570,6305.7,0.993113
5571,6305.71,0.991418
5572,6305.72,0.98899
5573,6305.73,0.985264
5574,6305.74,0.978998
5575,6305.75,0.967561
5576,6305.76,0.946027
5577,6305.77,0.907142
5578,6305.78,0.844915
5579,6305.79,0.764448
5580,6305.8,0.691514
5581,6305.81,0.662975
5582,6305.82,0.695613
5583,6305.83,0.769419
5584,6305.84,0.84822
5585,6305.85,0.908515
5586,6305.86,0.946281
5587,6305.87,0.967433
5588,6305.88,0.978843
5589,6305.89,0.98517
5590,6305.9,0.988943
5591,6305.91,0.991387
5592,6305.92,0.993082
5593,6305.93,0.994315
5594,6305.94,0.995246
5595,6305.95,0.995966
5596,6305.96,0.996535
5597,6305.97,0.996992
5598,6305.98,0.997365
5599,6305.99,0.997672
5600,6306.0,0.997927
5601,6306.01,0.998141
5602,6306.02,0.998323
5603,6306.03,0.998478
5604,6306.04,0.998611
5605,6306.05,0.998725
5606,6306.06,0.998823
5607,6306.07,0.998906
5608,6306.08,0.998978
5609,6306.09,0.999039
5610,6306.1,0.999091
5611,6306.11,0.999136
5612,6306.12,0.999174
5613,6306.13,0.999205
5614,6306.14,0.999231
5615,6306.15,0.99925
5616,6306.16,0.999264
5617,6306.17,0.999272
5618,6306.18,0.999275
5619,6306.19,0.999273
5620,6306.2,0.999266
5621,6306.21,0.999254
5622,6306.22,0.999236
5623,6306.23,0.999212
5624,6306.24,0.999181
5625,6306.25,0.999143
5626,6306.26,0.999097
5627,6306.27,0.999042
5628,6306.28,0.998975
5629,6306.29,0.998893
5630,6306.3,0.998786
5631,6306.31,0.998645
5632,6306.32,0.998457
5633,6306.33,0.998217
5634,6306.34,0.997937
5635,6306.35,0.997641
5636,6306.36,0.997358
5637,6306.37,0.997111
5638,6306.38,0.996907
5639,6306.39,0.996719
5640,6306.4,0.996486
5641,6306.41,0.996134
5642,6306.42,0.995599
5643,6306.43,0.994827
5644,6306.44,0.993785
5645,6306.45,0.992468
5646,6306.46,0.990853
5647,6306.47,0.988772
5648,6306.48,0.985753
5649,6306.49,0.980808
5650,6306.5,0.971939
5651,6306.51,0.955276
5652,6306.52,0.924308
5653,6306.53,0.871206
5654,6306.54,0.793848
5655,6306.55,0.707789
5656,6306.56,0.648592
5657,6306.57,0.648928
5658,6306.58,0.707937
5659,6306.59,0.792397
5660,6306.6,0.868121
5661,6306.61,0.920819
5662,6306.62,0.952423
5663,6306.63,0.970068
5664,6306.64,0.979858
5665,6306.65,0.985531
5666,6306.66,0.989049
5667,6306.67,0.99139
5668,6306.68,0.993038
5669,6306.69,0.994251
5670,6306.7,0.995174
5671,6306.71,0.995894
5672,6306.72,0.996467
5673,6306.73,0.996929
5674,6306.74,0.997306
5675,6306.75,0.997614
5676,6306.76,0.997862
5677,6306.77,0.998048
5678,6306.78,0.998158
5679,6306.79,0.998169
5680,6306.8,0.998063
5681,6306.81,0.997881
5682,6306.82,0.997749
5683,6306.83,0.997812
5684,6306.84,0.998092
5685,6306.85,0.998473
5686,6306.86,0.998817
5687,6306.87,0.999066
5688,6306.88,0.999227
5689,6306.89,0.999332
5690,6306.9,0.999406
5691,6306.91,0.999463
5692,6306.92,0.999509
5693,6306.93,0.999549
5694,6306.94,0.999584
5695,6306.95,0.999615
5696,6306.96,0.999642
5697,6306.97,0.999666
5698,6306.98,0.999687
5699,6306.99,0.999706
5700,6307.0,0.999721
5701,6307.01,0.999733
5702,6307.02,0.999741
5703,6307.03,0.999741
5704,6307.04,0.999727
5705,6307.05,0.999685
5706,6307.06,0.999589
5707,6307.07,0.999404
5708,6307.08,0.999114
5709,6307.09,0.998775
5710,6307.1,0.998539
5711,6307.11,0.998549
5712,6307.12,0.998796
5713,6307.13,0.999127
5714,6307.14,0.999389
5715,6307.15,0.999524
5716,6307.16,0.999542
5717,6307.17,0.999478
5718,6307.18,0.999379
5719,6307.19,0.999293
5720,6307.2,0.999257
5721,6307.21,0.999288
5722,6307.22,0.999372
5723,6307.23,0.999477
5724,6307.24,0.999564
5725,6307.25,0.999599
5726,6307.26,0.999561
5727,6307.27,0.99946
5728,6307.28,0.999347
5729,6307.29,0.999302
5730,6307.3,0.999366
5731,6307.31,0.999507
5732,6307.32,0.999657
5733,6307.33,0.999769
5734,6307.34,0.999834
5735,6307.35,0.999864
5736,6307.36,0.999869
5737,6307.37,0.999852
5738,6307.38,0.999805
5739,6307.39,0.999701
5740,6307.4,0.999493
5741,6307.41,0.999125
5742,6307.42,0.998587
5743,6307.43,0.998005
5744,6307.44,0.997652
5745,6307.45,0.997739
5746,6307.46,0.99821
5747,6307.47,0.9988
5748,6307.48,0.999283
5749,6307.49,0.999591
5750,6307.5,0.99976
5751,6307.51,0.999847
5752,6307.52,0.99989
5753,6307.53,0.999914
5754,6307.54,0.999926
5755,6307.55,0.999933
5756,6307.56,0.999935
5757,6307.57,0.999931
5758,6307.58,0.999919
5759,6307.59,0.999891
5760,6307.6,0.999833
5761,6307.61,0.999718
5762,6307.62,0.999525
5763,6307.63,0.999265
5764,6307.64,0.999023
5765,6307.65,0.998928
5766,6307.66,0.99904
5767,6307.67,0.999287
5768,6307.68,0.999543
5769,6307.69,0.999729
5770,6307.7,0.999838
5771,6307.71,0.999895
5772,6307.72,0.999922
5773,6307.73,0.999935
5774,6307.74,0.999939
5775,6307.75,0.999939
5776,6307.76,0.999934
5777,6307.77,0.999922
5778,6307.78,0.9999
5779,6307.79,0.999854
5780,6307.8,0.999762
5781,6307.81,0.999585
5782,6307.82,0.999284
5783,6307.83,0.998876
5784,6307.84,0.998492
5785,6307.85,0.998337
5786,6307.86,0.998493
5787,6307.87,0.998828
5788,6307.88,0.999119
5789,6307.89,0.99922
5790,6307.9,0.999113
5791,6307.91,0.998894
5792,6307.92,0.998741
5793,6307.93,0.998795
5794,6307.94,0.999045
5795,6307.95,0.999358
5796,6307.96,0.999613
5797,6307.97,0.999775
5798,6307.98,0.999865
5799,6307.99,0.999912
5800,6308.0,0.999936
5801,6308.01,0.99995
5802,6308.02,0.999959
5803,6308.03,0.999965
5804,6308.04,0.999969
5805,6308.05,0.999972
5806,6308.06,0.999974
5807,6308.07,0.999975
5808,6308.08,0.999976
5809,6308.09,0.999976
5810,6308.1,0.999976
5811,6308.11,0.999975
5812,6308.12,0.999973
5813,6308.13,0.999971
5814,6308.14,0.999969
5815,6308.15,0.999965
5816,6308.16,0.999959
5817,6308.17,0.999951
5818,6308.18,0.999939
5819,6308.19,0.999919
5820,6308.2,0.999882
5821,6308.21,0.99981
5822,6308.22,0.999674
5823,6308.23,0.999439
5824,6308.24,0.999106
5825,6308.25,0.998759
5826,6308.26,0.998545
5827,6308.27,0.998529
5828,6308.28,0.998598
5829,6308.29,0.998565
5830,6308.3,0.998376
5831,6308.31,0.998196
5832,6308.32,0.998247
5833,6308.33,0.998576
5834,6308.34,0.999023
5835,6308.35,0.999408
5836,6308.36,0.999661
5837,6308.37,0.999803
5838,6308.38,0.999876
5839,6308.39,0.999915
5840,6308.4,0.999936
5841,6308.41,0.999949
5842,6308.42,0.999958
5843,6308.43,0.999964
5844,6308.44,0.999969
5845,6308.45,0.999972
5846,6308.46,0.999974
5847,6308.47,0.999976
5848,6308.48,0.999977
5849,6308.49,0.999978
5850,6308.5,0.999978
5851,6308.51,0.999978
5852,6308.52,0.999977
5853,6308.53,0.999976
5854,6308.54,0.999973
5855,6308.55,0.99997
5856,6308.56,0.999966
5857,6308.57,0.999959
5858,6308.58,0.999948
5859,6308.59,0.999929
5860,6308.6,0.999893
5861,6308.61,0.99982
5862,6308.62,0.999681
5863,6308.63,0.999441
5864,6308.64,0.999108
5865,6308.65,0.998778
5866,6308.66,0.998621
5867,6308.67,0.998738
5868,6308.68,0.99905
5869,6308.69,0.999388
5870,6308.7,0.999641
5871,6308.71,0.999791
5872,6308.72,0.999869
5873,6308.73,0.999906
5874,6308.74,0.999922
5875,6308.75,0.999927
5876,6308.76,0.999923
5877,6308.77,0.99991
5878,6308.78,0.999878
5879,6308.79,0.999811
5880,6308.8,0.999674
5881,6308.81,0.999424
5882,6308.82,0.999042
5883,6308.83,0.998605
5884,6308.84,0.99831
5885,6308.85,0.998335
5886,6308.86,0.99866
5887,6308.87,0.999093
5888,6308.88,0.999457
5889,6308.89,0.999693
5890,6308.9,0.999823
5891,6308.91,0.99989
5892,6308.92,0.999924
5893,6308.93,0.999942
5894,6308.94,0.999953
5895,6308.95,0.99996
5896,6308.96,0.999964
5897,6308.97,0.999967
5898,6308.98,0.999968
5899,6308.99,0.999968
5900,6309.0,0.999967
5901,6309.01,0.999965
5902,6309.02,0.999961
5903,6309.03,0.999955
5904,6309.04,0.999945
5905,6309.05,0.999928
5906,6309.06,0.999895
5907,6309.07,0.99983
5908,6309.08,0.999703
5909,6309.09,0.999478
5910,6309.1,0.999147
5911,6309.11,0.998793
5912,6309.12,0.998589
5913,6309.13,0.998659
5914,6309.14,0.998957
5915,6309.15,0.999311
5916,6309.16,0.999589
5917,6309.17,0.99976
5918,6309.18,0.999852
5919,6309.19,0.999898
5920,6309.2,0.999921
5921,6309.21,0.999933
5922,6309.22,0.999939
5923,6309.23,0.999942
5924,6309.24,0.999943
5925,6309.25,0.999943
5926,6309.26,0.999942
5927,6309.27,0.999939
5928,6309.28,0.999936
5929,6309.29,0.999932
5930,6309.3,0.999927
5931,6309.31,0.999921
5932,6309.32,0.999914
5933,6309.33,0.999904
5934,6309.34,0.999893
5935,6309.35,0.999878
5936,6309.36,0.999855
5937,6309.37,0.999819
5938,6309.38,0.999753
5939,6309.39,0.999628
5940,6309.4,0.999402
5941,6309.41,0.999044
5942,6309.42,0.998607
5943,6309.43,0.998262
5944,6309.44,0.998209
5945,6309.45,0.998472
5946,6309.46,0.998879
5947,6309.47,0.99924
5948,6309.48,0.999474
5949,6309.49,0.999598
5950,6309.5,0.999652
5951,6309.51,0.999669
5952,6309.52,0.999666
5953,6309.53,0.999653
5954,6309.54,0.999633
5955,6309.55,0.999606
5956,6309.56,0.999572
5957,6309.57,0.99953
5958,6309.58,0.999473
5959,6309.59,0.99939
5960,6309.6,0.999256
5961,6309.61,0.999038
5962,6309.62,0.998704
5963,6309.63,0.998282
5964,6309.64,0.997903
5965,6309.65,0.997739
5966,6309.66,0.997844
5967,6309.67,0.998088
5968,6309.68,0.9983
5969,6309.69,0.998391
5970,6309.7,0.998359
5971,6309.71,0.998231
5972,6309.72,0.99803
5973,6309.73,0.997762
5974,6309.74,0.997422
5975,6309.75,0.996991
5976,6309.76,0.99644
5977,6309.77,0.995723
5978,6309.78,0.994763
5979,6309.79,0.993427
5980,6309.8,0.991467
5981,6309.81,0.988359
5982,6309.82,0.982964
5983,6309.83,0.972922
5984,6309.84,0.95397
5985,6309.85,0.920156
5986,6309.86,0.867555
5987,6309.87,0.803298
5988,6309.88,0.751597
5989,6309.89,0.740595
5990,6309.9,0.776656
5991,6309.91,0.838294
5992,6309.92,0.89747
5993,6309.93,0.93972
5994,6309.94,0.964965
5995,6309.95,0.978691
5996,6309.96,0.985992
5997,6309.97,0.990047
5998,6309.98,0.992492
5999,6309.99,0.994095
6000,6310.0,0.995215
6001,6310.01,0.996031
6002,6310.02,0.996637
6003,6310.03,0.997085
6004,6310.04,0.99739
6005,6310.05,0.997543
6006,6310.06,0.997525
6007,6310.07,0.997351
6008,6310.08,0.997143
6009,6310.09,0.997102
6010,6310.1,0.997348
6011,6310.11,0.997805
6012,6310.12,0.998285
6013,6310.13,0.998657
6014,6310.14,0.998901
6015,6310.15,0.999049
6016,6310.16,0.999134
6017,6310.17,0.999177
6018,6310.18,0.999175
6019,6310.19,0.999111
6020,6310.2,0.998953
6021,6310.21,0.998686
6022,6310.22,0.998366
6023,6310.23,0.998143
6024,6310.24,0.99816
6025,6310.25,0.998412
6026,6310.26,0.998752
6027,6310.27,0.999037
6028,6310.28,0.999218
6029,6310.29,0.999313
6030,6310.3,0.999352
6031,6310.31,0.999362
6032,6310.32,0.999354
6033,6310.33,0.999336
6034,6310.34,0.999309
6035,6310.35,0.999275
6036,6310.36,0.999233
6037,6310.37,0.999184
6038,6310.38,0.999126
6039,6310.39,0.999059
6040,6310.4,0.99898
6041,6310.41,0.998889
6042,6310.42,0.998782
6043,6310.43,0.998658
6044,6310.44,0.998511
6045,6310.45,0.998336
6046,6310.46,0.998126
6047,6310.47,0.997872
6048,6310.48,0.997564
6049,6310.49,0.997183
6050,6310.5,0.996708
6051,6310.51,0.996102
6052,6310.52,0.995314
6053,6310.53,0.994256
6054,6310.54,0.992782
6055,6310.55,0.990602
6056,6310.56,0.987106
6057,6310.57,0.980954
6058,6310.58,0.969385
6059,6310.59,0.947558
6060,6310.6,0.909147
6061,6310.61,0.850969
6062,6310.62,0.78272
6063,6310.63,0.731838
6064,6310.64,0.72704
6065,6310.65,0.770893
6066,6310.66,0.837575
6067,6310.67,0.898323
6068,6310.68,0.940396
6069,6310.69,0.965139
6070,6310.7,0.978537
6071,6310.71,0.985701
6072,6310.72,0.989721
6073,6310.73,0.99217
6074,6310.74,0.99378
6075,6310.75,0.994894
6076,6310.76,0.995668
6077,6310.77,0.996164
6078,6310.78,0.996409
6079,6310.79,0.996459
6080,6310.8,0.996464
6081,6310.81,0.996617
6082,6310.82,0.996997
6083,6310.83,0.997485
6084,6310.84,0.99789
6085,6310.85,0.998094
6086,6310.86,0.998085
6087,6310.87,0.997955
6088,6310.88,0.997875
6089,6310.89,0.997994
6090,6310.9,0.99831
6091,6310.91,0.99869
6092,6310.92,0.99901
6093,6310.93,0.999231
6094,6310.94,0.999371
6095,6310.95,0.999461
6096,6310.96,0.999525
6097,6310.97,0.999574
6098,6310.98,0.999613
6099,6310.99,0.999648
6100,6311.0,0.999678
6101,6311.01,0.999704
6102,6311.02,0.999728
6103,6311.03,0.999749
6104,6311.04,0.999769
6105,6311.05,0.999786
6106,6311.06,0.999802
6107,6311.07,0.999817
6108,6311.08,0.999831
6109,6311.09,0.999844
6110,6311.1,0.999855
6111,6311.11,0.999866
6112,6311.12,0.999876
6113,6311.13,0.999885
6114,6311.14,0.999894
6115,6311.15,0.999901
6116,6311.16,0.999909
6117,6311.17,0.999915
6118,6311.18,0.999921
6119,6311.19,0.999927
6120,6311.2,0.999933
6121,6311.21,0.999937
6122,6311.22,0.999942
6123,6311.23,0.999946
6124,6311.24,0.99995
6125,6311.25,0.999954
6126,6311.26,0.999957
6127,6311.27,0.99996
6128,6311.28,0.999963
6129,6311.29,0.999965
6130,6311.3,0.999967
6131,6311.31,0.999969
6132,6311.32,0.999971
6133,6311.33,0.999973
6134,6311.34,0.999974
6135,6311.35,0.999975
6136,6311.36,0.999976
6137,6311.37,0.999977
6138,6311.38,0.999978
6139,6311.39,0.999978
6140,6311.4,0.999978
6141,6311.41,0.999978
6142,6311.42,0.999977
6143,6311.43,0.999976
6144,6311.44,0.999975
6145,6311.45,0.999973
6146,6311.46,0.99997
6147,6311.47,0.999966
6148,6311.48,0.99996
6149,6311.49,0.999953
6150,6311.5,0.999941
6151,6311.51,0.999923
6152,6311.52,0.999893
6153,6311.53,0.999835
6154,6311.54,0.999722
6155,6311.55,0.999506
6156,6311.56,0.999133
6157,6311.57,0.998605
6158,6311.58,0.998061
6159,6311.59,0.997765
6160,6311.6,0.997897
6161,6311.61,0.998373
6162,6311.62,0.998929
6163,6311.63,0.999366
6164,6311.64,0.999639
6165,6311.65,0.99979
6166,6311.66,0.999869
6167,6311.67,0.999911
6168,6311.68,0.999935
6169,6311.69,0.99995
6170,6311.7,0.99996
6171,6311.71,0.999968
6172,6311.72,0.999973
6173,6311.73,0.999977
6174,6311.74,0.999981
6175,6311.75,0.999983
6176,6311.76,0.999985
6177,6311.77,0.999987
6178,6311.78,0.999989
6179,6311.79,0.99999
6180,6311.8,0.999991
6181,6311.81,0.999992
6182,6311.82,0.999993
6183,6311.83,0.999993
6184,6311.84,0.999994
6185,6311.85,0.999994
6186,6311.86,0.999995
6187,6311.87,0.999995
6188,6311.88,0.999995
6189,6311.89,0.999996
6190,6311.9,0.999996
6191,6311.91,0.999996
6192,6311.92,0.999997
6193,6311.93,0.999997
6194,6311.94,0.999997
6195,6311.95,0.999997
6196,6311.96,0.999997
6197,6311.97,0.999997
6198,6311.98,0.999997
6199,6311.99,0.999997
6200,6312.0,0.999997
6201,6312.01,0.999997
6202,6312.02,0.999997
6203,6312.03,0.999997
6204,6312.04,0.999997
6205,6312.05,0.999997
6206,6312.06,0.999997
6207,6312.07,0.999997
6208,6312.08,0.999997
6209,6312.09,0.999997
6210,6312.1,0.999997
6211,6312.11,0.999996
6212,6312.12,0.999996
6213,6312.13,0.999996
6214,6312.14,0.999996
6215,6312.15,0.999995
6216,6312.16,0.999995
6217,6312.17,0.999994
6218,6312.18,0.999994
6219,6312.19,0.999993
6220,6312.2,0.999992
6221,6312.21,0.999991
6222,6312.22,0.99999
6223,6312.23,0.999989
6224,6312.24,0.999987
6225,6312.25,0.999985
6226,6312.26,0.999982
6227,6312.27,0.999979
6228,6312.28,0.999974
6229,6312.29,0.999966
6230,6312.3,0.999954
6231,6312.31,0.999931
6232,6312.32,0.99989
6233,6312.33,0.999815
6234,6312.34,0.999692
6235,6312.35,0.999531
6236,6312.36,0.999379
6237,6312.37,0.999306
6238,6312.38,0.999336
6239,6312.39,0.999404
6240,6312.4,0.999415
6241,6312.41,0.999313
6242,6312.42,0.999135
6243,6312.43,0.999
6244,6312.44,0.999023
6245,6312.45,0.999208
6246,6312.46,0.999455
6247,6312.47,0.999666
6248,6312.48,0.999806
6249,6312.49,0.999885
6250,6312.5,0.999928
6251,6312.51,0.99995
6252,6312.52,0.999963
6253,6312.53,0.999971
6254,6312.54,0.999977
6255,6312.55,0.999981
6256,6312.56,0.999984
6257,6312.57,0.999986
6258,6312.58,0.999988
6259,6312.59,0.99999
6260,6312.6,0.999991
6261,6312.61,0.999992
6262,6312.62,0.999993
6263,6312.63,0.999994
6264,6312.64,0.999994
6265,6312.65,0.999995
6266,6312.66,0.999995
6267,6312.67,0.999996
6268,6312.68,0.999996
6269,6312.69,0.999997
6270,6312.7,0.999997
6271,6312.71,0.999997
6272,6312.72,0.999997
6273,6312.73,0.999998
6274,6312.74,0.999998
6275,6312.75,0.999998
6276,6312.76,0.999998
6277,6312.77,0.999998
6278,6312.78,0.999998
6279,6312.79,0.999998
6280,6312.8,0.999999
6281,6312.81,0.999999
6282,6312.82,0.999999
6283,6312.83,0.999999
6284,6312.84,0.999999
6285,6312.85,0.999999
6286,6312.86,0.999999
6287,6312.87,0.999999
6288,6312.88,0.999999
6289,6312.89,0.999999
6290,6312.9,0.999999
6291,6312.91,0.999999
6292,6312.92,0.999999
6293,6312.93,0.999999
6294,6312.94,0.999999
6295,6312.95,0.999999
6296,6312.96,0.999999
6297,6312.97,0.999999
6298,6312.98,0.999999
6299,6312.99,0.999999
6300,6313.0,0.999999
6301,6313.01,0.999999
6302,6313.02,0.999999
6303,6313.03,0.999999
6304,6313.04,0.999999
6305,6313.05,0.999999
6306,6313.06,0.999999
6307,6313.07,0.999999
6308,6313.08,0.999999
6309,6313.09,0.999999
6310,6313.1,0.999999
6311,6313.11,0.999999
6312,6313.12,0.999998
6313,6313.13,0.999998
6314,6313.14,0.999997
6315,6313.15,0.999995
6316,6313.16,0.99999
6317,6313.17,0.99998
6318,6313.18,0.999961
6319,6313.19,0.999939
6320,6313.2,0.999922
6321,6313.21,0.999924
6322,6313.22,0.999942
6323,6313.23,0.999963
6324,6313.24,0.999979
6325,6313.25,0.999986
6326,6313.26,0.999988
6327,6313.27,0.999986
6328,6313.28,0.999982
6329,6313.29,0.999972
6330,6313.3,0.999953
6331,6313.31,0.999918
6332,6313.32,0.99986
6333,6313.33,0.999787
6334,6313.34,0.999724
6335,6313.35,0.999707
6336,6313.36,0.999747
6337,6313.37,0.999817
6338,6313.38,0.999884
6339,6313.39,0.999931
6340,6313.4,0.999959
6341,6313.41,0.999973
6342,6313.42,0.999981
6343,6313.43,0.999985
6344,6313.44,0.999987
6345,6313.45,0.999989
6346,6313.46,0.999989
6347,6313.47,0.99999
6348,6313.48,0.99999
6349,6313.49,0.999989
6350,6313.5,0.999989
6351,6313.51,0.999988
6352,6313.52,0.999988
6353,6313.53,0.999987
6354,6313.54,0.999986
6355,6313.55,0.999985
6356,6313.56,0.999984
6357,6313.57,0.999983
6358,6313.58,0.999981
6359,6313.59,0.99998
6360,6313.6,0.999978
6361,6313.61,0.999976
6362,6313.62,0.999974
6363,6313.63,0.999972
6364,6313.64,0.99997
6365,6313.65,0.999967
6366,6313.66,0.999965
6367,6313.67,0.999962
6368,6313.68,0.999959
6369,6313.69,0.999955
6370,6313.7,0.999952
6371,6313.71,0.999948
6372,6313.72,0.999944
6373,6313.73,0.999939
6374,6313.74,0.999934
6375,6313.75,0.999929
6376,6313.76,0.999923
6377,6313.77,0.999917
6378,6313.78,0.999911
6379,6313.79,0.999903
6380,6313.8,0.999896
6381,6313.81,0.999887
6382,6313.82,0.999878
6383,6313.83,0.999868
6384,6313.84,0.999857
6385,6313.85,0.999846
6386,6313.86,0.999833
6387,6313.87,0.999819
6388,6313.88,0.999804
6389,6313.89,0.999788
6390,6313.9,0.999769
6391,6313.91,0.999749
6392,6313.92,0.999726
6393,6313.93,0.999701
6394,6313.94,0.999674
6395,6313.95,0.999644
6396,6313.96,0.99961
6397,6313.97,0.999572
6398,6313.98,0.999529
6399,6313.99,0.99948
6400,6314.0,0.999425
6401,6314.01,0.999362
6402,6314.02,0.99929
6403,6314.03,0.999206
6404,6314.04,0.999108
6405,6314.05,0.998992
6406,6314.06,0.998855
6407,6314.07,0.99869
6408,6314.08,0.998491
6409,6314.09,0.998247
6410,6314.1,0.997944
6411,6314.11,0.997557
6412,6314.12,0.997052
6413,6314.13,0.996369
6414,6314.14,0.995405
6415,6314.15,0.99396
6416,6314.16,0.991586
6417,6314.17,0.987283
6418,6314.18,0.978996
6419,6314.19,0.963157
6420,6314.2,0.93536
6421,6314.21,0.894245
6422,6314.22,0.848461
6423,6314.23,0.81816
6424,6314.24,0.821024
6425,6314.25,0.854808
6426,6314.26,0.900215
6427,6314.27,0.939153
6428,6314.28,0.965024
6429,6314.29,0.979756
6430,6314.3,0.987546
6431,6314.31,0.991659
6432,6314.32,0.993965
6433,6314.33,0.99538
6434,6314.34,0.996327
6435,6314.35,0.997004
6436,6314.36,0.997512
6437,6314.37,0.997904
6438,6314.38,0.998212
6439,6314.39,0.998457
6440,6314.4,0.998655
6441,6314.41,0.998818
6442,6314.42,0.998952
6443,6314.43,0.999064
6444,6314.44,0.999158
6445,6314.45,0.999237
6446,6314.46,0.999304
6447,6314.47,0.999362
6448,6314.48,0.999411
6449,6314.49,0.999454
6450,6314.5,0.999491
6451,6314.51,0.999523
6452,6314.52,0.99955
6453,6314.53,0.999573
6454,6314.54,0.999593
6455,6314.55,0.999608
6456,6314.56,0.999621
6457,6314.57,0.999631
6458,6314.58,0.999638
6459,6314.59,0.999642
6460,6314.6,0.999644
6461,6314.61,0.999643
6462,6314.62,0.99964
6463,6314.63,0.999635
6464,6314.64,0.999626
6465,6314.65,0.999615
6466,6314.66,0.999601
6467,6314.67,0.999583
6468,6314.68,0.999562
6469,6314.69,0.999538
6470,6314.7,0.999509
6471,6314.71,0.999475
6472,6314.72,0.999436
6473,6314.73,0.99939
6474,6314.74,0.999338
6475,6314.75,0.999277
6476,6314.76,0.999207
6477,6314.77,0.999125
6478,6314.78,0.999028
6479,6314.79,0.998913
6480,6314.8,0.998775
6481,6314.81,0.998611
6482,6314.82,0.998412
6483,6314.83,0.998168
6484,6314.84,0.997862
6485,6314.85,0.997472
6486,6314.86,0.996964
6487,6314.87,0.996282
6488,6314.88,0.995333
6489,6314.89,0.993929
6490,6314.9,0.991677
6491,6314.91,0.98769
6492,6314.92,0.9801
6493,6314.93,0.965524
6494,6314.94,0.939317
6495,6314.95,0.898697
6496,6314.96,0.84989
6497,6314.97,0.812098
6498,6314.98,0.80651
6499,6314.99,0.836476
6500,6315.0,0.884041
6501,6315.01,0.92786
6502,6315.02,0.958187
6503,6315.03,0.975904
6504,6315.04,0.985388
6505,6315.05,0.990383
6506,6315.06,0.993143
6507,6315.07,0.994811
6508,6315.08,0.995912
6509,6315.09,0.996693
6510,6315.1,0.997272
6511,6315.11,0.997715
6512,6315.12,0.998061
6513,6315.13,0.998337
6514,6315.14,0.998561
6515,6315.15,0.998744
6516,6315.16,0.998897
6517,6315.17,0.999024
6518,6315.18,0.999132
6519,6315.19,0.999225
6520,6315.2,0.999304
6521,6315.21,0.999373
6522,6315.22,0.999433
6523,6315.23,0.999486
6524,6315.24,0.999533
6525,6315.25,0.999575
6526,6315.26,0.999613
6527,6315.27,0.999646
6528,6315.28,0.999676
6529,6315.29,0.999702
6530,6315.3,0.999726
6531,6315.31,0.999748
6532,6315.32,0.999768
6533,6315.33,0.999786
6534,6315.34,0.999803
6535,6315.35,0.999818
6536,6315.36,0.999832
6537,6315.37,0.999845
6538,6315.38,0.999857
6539,6315.39,0.999868
6540,6315.4,0.999877
6541,6315.41,0.999887
6542,6315.42,0.999895
6543,6315.43,0.999903
6544,6315.44,0.99991
6545,6315.45,0.999917
6546,6315.46,0.999923
6547,6315.47,0.999929
6548,6315.48,0.999934
6549,6315.49,0.999939
6550,6315.5,0.999944
6551,6315.51,0.999948
6552,6315.52,0.999952
6553,6315.53,0.999955
6554,6315.54,0.999959
6555,6315.55,0.999962
6556,6315.56,0.999965
6557,6315.57,0.999968
6558,6315.58,0.99997
6559,6315.59,0.999973
6560,6315.6,0.999975
6561,6315.61,0.999977
6562,6315.62,0.999979
6563,6315.63,0.999981
6564,6315.64,0.999982
6565,6315.65,0.999984
6566,6315.66,0.999985
6567,6315.67,0.999986
6568,6315.68,0.999988
6569,6315.69,0.999989
6570,6315.7,0.99999
6571,6315.71,0.999991
6572,6315.72,0.999992
6573,6315.73,0.999992
6574,6315.74,0.999993
6575,6315.75,0.999994
6576,6315.76,0.999995
6577,6315.77,0.999995
6578,6315.78,0.999996
6579,6315.79,0.999996
6580,6315.8,0.999997
6581,6315.81,0.999997
6582,6315.82,0.999997
6583,6315.83,0.999998
6584,6315.84,0.999998
6585,6315.85,0.999998
6586,6315.86,0.999998
6587,6315.87,0.999999
6588,6315.88,0.999999
6589,6315.89,0.999999
6590,6315.9,0.999999
6591,6315.91,0.999999
6592,6315.92,0.999999
6593,6315.93,1.0
6594,6315.94,1.0
6595,6315.95,1.0
6596,6315.96,1.0
6597,6315.97,1.0
6598,6315.98,1.0
6599,6315.99,1.0
6600,6316.0,1.0
6601,6316.01,1.0
6602,6316.02,1.0
6603,6316.03,1.0
6604,6316.04,1.0
6605,6316.05,1.0
6606,6316.06,1.0
6607,6316.07,1.0
6608,6316.08,1.0
6609,6316.09,1.0
6610,6316.1,1.0
6611,6316.11,1.0
6612,6316.12,1.0
6613,6316.13,1.0
6614,6316.14,1.0
6615,6316.15,1.0
6616,6316.16,1.0
6617,6316.17,1.0
6618,6316.18,1.0
6619,6316.19,1.0
6620,6316.2,1.0
6621,6316.21,1.0
6622,6316.22,1.0
6623,6316.23,1.0
6624,6316.24,1.0
6625,6316.25,1.0
6626,6316.26,1.0
6627,6316.27,1.0
6628,6316.28,1.0
6629,6316.29,1.0
6630,6316.3,1.0
6631,6316.31,1.0
6632,6316.32,1.0
6633,6316.33,1.0
6634,6316.34,1.0
6635,6316.35,1.0
6636,6316.36,1.0
6637,6316.37,1.0
6638,6316.38,1.0
6639,6316.39,1.0
6640,6316.4,1.0
6641,6316.41,1.0
6642,6316.42,1.0
6643,6316.43,1.0
6644,6316.44,1.0
6645,6316.45,1.0
6646,6316.46,1.0
6647,6316.47,1.0
6648,6316.48,1.0
6649,6316.49,1.0
6650,6316.5,1.0
6651,6316.51,1.0
6652,6316.52,1.0
6653,6316.53,1.0
6654,6316.54,1.0
6655,6316.55,1.0
6656,6316.56,1.0
6657,6316.57,1.0
6658,6316.58,1.0
6659,6316.59,1.0
6660,6316.6,1.0
6661,6316.61,1.0
6662,6316.62,1.0
6663,6316.63,1.0
6664,6316.64,1.0
6665,6316.65,1.0
6666,6316.66,1.0
6667,6316.67,1.0
6668,6316.68,1.0
6669,6316.69,1.0
6670,6316.7,1.0
6671,6316.71,1.0
6672,6316.72,1.0
6673,6316.73,1.0
6674,6316.74,1.0
6675,6316.75,1.0
6676,6316.76,1.0
6677,6316.77,1.0
6678,6316.78,1.0
6679,6316.79,1.0
6680,6316.8,1.0
6681,6316.81,1.0
6682,6316.82,1.0
6683,6316.83,1.0
6684,6316.84,1.0
6685,6316.85,1.0
6686,6316.86,1.0
6687,6316.87,1.0
6688,6316.88,1.0
6689,6316.89,1.0
6690,6316.9,1.0
6691,6316.91,1.0
6692,6316.92,1.0
6693,6316.93,1.0
6694,6316.94,1.0
6695,6316.95,1.0
6696,6316.96,1.0
6697,6316.97,1.0
6698,6316.98,1.0
6699,6316.99,1.0
6700,6317.0,1.0
6701,6317.01,1.0
6702,6317.02,1.0
6703,6317.03,1.0
6704,6317.04,1.0
6705,6317.05,0.999999
6706,6317.06,0.999999
6707,6317.07,0.999998
6708,6317.08,0.999996
6709,6317.09,0.999991
6710,6317.1,0.99998
6711,6317.11,0.999961
6712,6317.12,0.999938
6713,6317.13,0.999923
6714,6317.14,0.999925
6715,6317.15,0.999944
6716,6317.16,0.999967
6717,6317.17,0.999984
6718,6317.18,0.999993
6719,6317.19,0.999997
6720,6317.2,0.999999
6721,6317.21,0.999999
6722,6317.22,0.999999
6723,6317.23,1.0
6724,6317.24,1.0
6725,6317.25,1.0
6726,6317.26,1.0
6727,6317.27,1.0
6728,6317.28,1.0
6729,6317.29,1.0
6730,6317.3,1.0
6731,6317.31,1.0
6732,6317.32,1.0
6733,6317.33,1.0
6734,6317.34,1.0
6735,6317.35,1.0
6736,6317.36,1.0
6737,6317.37,1.0
6738,6317.38,0.999999
6739,6317.39,0.999999
6740,6317.4,0.999998
6741,6317.41,0.999995
6742,6317.42,0.999989
6743,6317.43,0.999978
6744,6317.44,0.999966
6745,6317.45,0.999957
6746,6317.46,0.999958
6747,6317.47,0.999968
6748,6317.48,0.999981
6749,6317.49,0.99999
6750,6317.5,0.999996
6751,6317.51,0.999998
6752,6317.52,0.999999
6753,6317.53,0.999999
6754,6317.54,1.0
6755,6317.55,1.0
6756,6317.56,1.0
6757,6317.57,1.0
6758,6317.58,1.0
6759,6317.59,1.0
6760,6317.6,1.0
6761,6317.61,1.0
6762,6317.62,1.0
6763,6317.63,1.0
6764,6317.64,1.0
6765,6317.65,1.0
6766,6317.66,1.0
6767,6317.67,1.0
6768,6317.68,1.0
6769,6317.69,1.0
6770,6317.7,1.0
6771,6317.71,1.0
6772,6317.72,1.0
6773,6317.73,1.0
6774,6317.74,1.0
6775,6317.75,1.0
6776,6317.76,1.0
6777,6317.77,1.0
6778,6317.78,1.0
6779,6317.79,1.0
6780,6317.8,1.0
6781,6317.81,1.0
6782,6317.82,1.0
6783,6317.83,1.0
6784,6317.84,1.0
6785,6317.85,1.0
6786,6317.86,0.999999
6787,6317.87,0.999999
6788,6317.88,0.999999
6789,6317.89,0.999999
6790,6317.9,0.999999
6791,6317.91,0.999999
6792,6317.92,0.999999
6793,6317.93,0.999999
6794,6317.94,0.999999
6795,6317.95,0.999999
6796,6317.96,0.999998
6797,6317.97,0.999998
6798,6317.98,0.999998
6799,6317.99,0.999998
6800,6318.0,0.999998
6801,6318.01,0.999997
6802,6318.02,0.999997
6803,6318.03,0.999997
6804,6318.04,0.999996
6805,6318.05,0.999996
6806,6318.06,0.999995
6807,6318.07,0.999995
6808,6318.08,0.999994
6809,6318.09,0.999994
6810,6318.1,0.999993
6811,6318.11,0.999992
6812,6318.12,0.999991
6813,6318.13,0.99999
6814,6318.14,0.999989
6815,6318.15,0.999988
6816,6318.16,0.999986
6817,6318.17,0.999984
6818,6318.18,0.999982
6819,6318.19,0.99998
6820,6318.2,0.999977
6821,6318.21,0.999973
6822,6318.22,0.999968
6823,6318.23,0.99996
6824,6318.24,0.999949
6825,6318.25,0.999931
6826,6318.26,0.999898
6827,6318.27,0.999838
6828,6318.28,0.999735
6829,6318.29,0.999585
6830,6318.3,0.999419
6831,6318.31,0.999309
6832,6318.32,0.999319
6833,6318.33,0.99944
6834,6318.34,0.999602
6835,6318.35,0.999739
6836,6318.36,0.999828
6837,6318.37,0.999878
6838,6318.38,0.999903
6839,6318.39,0.999915
6840,6318.4,0.99992
6841,6318.41,0.999921
6842,6318.42,0.99992
6843,6318.43,0.999918
6844,6318.44,0.999914
6845,6318.45,0.99991
6846,6318.46,0.999904
6847,6318.47,0.999898
6848,6318.48,0.999891
6849,6318.49,0.999883
6850,6318.5,0.999874
6851,6318.51,0.999864
6852,6318.52,0.999853
6853,6318.53,0.99984
6854,6318.54,0.999826
6855,6318.55,0.999811
6856,6318.56,0.999793
6857,6318.57,0.999773
6858,6318.58,0.999751
6859,6318.59,0.999726
6860,6318.6,0.999697
6861,6318.61,0.999664
6862,6318.62,0.999626
6863,6318.63,0.999579
6864,6318.64,0.999519
6865,6318.65,0.999439
6866,6318.66,0.999329
6867,6318.67,0.999181
6868,6318.68,0.999006
6869,6318.69,0.998838
6870,6318.7,0.998711
6871,6318.71,0.99862
6872,6318.72,0.998518
6873,6318.73,0.99835
6874,6318.74,0.998081
6875,6318.75,0.997675
6876,6318.76,0.997072
6877,6318.77,0.996138
6878,6318.78,0.994568
6879,6318.79,0.99166
6880,6318.8,0.985976
6881,6318.81,0.975064
6882,6318.82,0.95599
6883,6318.83,0.928254
6884,6318.84,0.898577
6885,6318.85,0.88075
6886,6318.86,0.885287
6887,6318.87,0.909056
6888,6318.88,0.938766
6889,6318.89,0.963199
6890,6318.9,0.979009
6891,6318.91,0.987888
6892,6318.92,0.992548
6893,6318.93,0.995004
6894,6318.94,0.996385
6895,6318.95,0.997237
6896,6318.96,0.997809
6897,6318.97,0.998216
6898,6318.98,0.998519
6899,6318.99,0.99875
6900,6319.0,0.998932
6901,6319.01,0.999076
6902,6319.02,0.999193
6903,6319.03,0.999289
6904,6319.04,0.999369
6905,6319.05,0.999435
6906,6319.06,0.999491
6907,6319.07,0.999537
6908,6319.08,0.999577
6909,6319.09,0.999612
6910,6319.1,0.999641
6911,6319.11,0.999667
6912,6319.12,0.999689
6913,6319.13,0.999708
6914,6319.14,0.999724
6915,6319.15,0.999738
6916,6319.16,0.999749
6917,6319.17,0.999758
6918,6319.18,0.999765
6919,6319.19,0.999771
6920,6319.2,0.999775
6921,6319.21,0.999777
6922,6319.22,0.999777
6923,6319.23,0.999776
6924,6319.24,0.999773
6925,6319.25,0.999769
6926,6319.26,0.999763
6927,6319.27,0.999755
6928,6319.28,0.999745
6929,6319.29,0.999733
6930,6319.3,0.999718
6931,6319.31,0.999701
6932,6319.32,0.999681
6933,6319.33,0.999658
6934,6319.34,0.999631
6935,6319.35,0.9996
6936,6319.36,0.999565
6937,6319.37,0.999523
6938,6319.38,0.999473
6939,6319.39,0.999415
6940,6319.4,0.999346
6941,6319.41,0.999263
6942,6319.42,0.999164
6943,6319.43,0.999044
6944,6319.44,0.998895
6945,6319.45,0.998705
6946,6319.46,0.998456
6947,6319.47,0.998114
6948,6319.48,0.997628
6949,6319.49,0.996922
6950,6319.5,0.995901
6951,6319.51,0.994428
6952,6319.52,0.992172
6953,6319.53,0.988217
6954,6319.54,0.980598
6955,6319.55,0.966269
6956,6319.56,0.942614
6957,6319.57,0.911637
6958,6319.58,0.883954
6959,6319.59,0.874319
6960,6319.6,0.8886
6961,6319.61,0.917873
6962,6319.62,0.947693
6963,6319.63,0.969543
6964,6319.64,0.982667
6965,6319.65,0.989731
6966,6319.66,0.993413
6967,6319.67,0.995408
6968,6319.68,0.996585
6969,6319.69,0.997346
6970,6319.7,0.997873
6971,6319.71,0.998257
6972,6319.72,0.998546
6973,6319.73,0.998771
6974,6319.74,0.998948
6975,6319.75,0.999091
6976,6319.76,0.999207
6977,6319.77,0.999304
6978,6319.78,0.999384
6979,6319.79,0.999452
6980,6319.8,0.99951
6981,6319.81,0.999559
6982,6319.82,0.999601
6983,6319.83,0.999638
6984,6319.84,0.99967
6985,6319.85,0.999697
6986,6319.86,0.999721
6987,6319.87,0.999741
6988,6319.88,0.999758
6989,6319.89,0.999771
6990,6319.9,0.99978
6991,6319.91,0.99978
6992,6319.92,0.999766
6993,6319.93,0.999725
6994,6319.94,0.999635
6995,6319.95,0.999474
6996,6319.96,0.999248
6997,6319.97,0.999027
6998,6319.98,0.998926
6999,6319.99,0.999014
7000,6320.0,0.999237
7001,6320.01,0.999482
7002,6320.02,0.999669
7003,6320.03,0.999786
7004,6320.04,0.999852
7005,6320.05,0.999889
7006,6320.06,0.99991
7007,6320.07,0.999924
7008,6320.08,0.999934
7009,6320.09,0.999942
7010,6320.1,0.999948
7011,6320.11,0.999953
7012,6320.12,0.999958
7013,6320.13,0.999962
7014,6320.14,0.999965
7015,6320.15,0.999968
7016,6320.16,0.999971
7017,6320.17,0.999974
7018,6320.18,0.999976
7019,6320.19,0.999978
7020,6320.2,0.99998
7021,6320.21,0.999981
7022,6320.22,0.999983
7023,6320.23,0.999984
7024,6320.24,0.999986
7025,6320.25,0.999987
7026,6320.26,0.999988
7027,6320.27,0.999989
7028,6320.28,0.99999
7029,6320.29,0.999991
7030,6320.3,0.999992
7031,6320.31,0.999992
7032,6320.32,0.999993
7033,6320.33,0.999993
7034,6320.34,0.999994
7035,6320.35,0.999994
7036,6320.36,0.999995
7037,6320.37,0.999995
7038,6320.38,0.999996
7039,6320.39,0.999996
7040,6320.4,0.999996
7041,6320.41,0.999996
7042,6320.42,0.999997
7043,6320.43,0.999997
7044,6320.44,0.999997
7045,6320.45,0.999997
7046,6320.46,0.999997
7047,6320.47,0.999997
7048,6320.48,0.999997
7049,6320.49,0.999997
7050,6320.5,0.999997
7051,6320.51,0.999997
7052,6320.52,0.999997
7053,6320.53,0.999996
7054,6320.54,0.999996
7055,6320.55,0.999996
7056,6320.56,0.999995
7057,6320.57,0.999995
7058,6320.58,0.999995
7059,6320.59,0.999994
7060,6320.6,0.999993
7061,6320.61,0.999993
7062,6320.62,0.999992
7063,6320.63,0.99999
7064,6320.64,0.999989
7065,6320.65,0.999987
7066,6320.66,0.999985
7067,6320.67,0.999982
7068,6320.68,0.999979
7069,6320.69,0.999973
7070,6320.7,0.999966
7071,6320.71,0.999955
7072,6320.72,0.999937
7073,6320.73,0.999903
7074,6320.74,0.999836
7075,6320.75,0.99971
7076,6320.76,0.999492
7077,6320.77,0.999183
7078,6320.78,0.998865
7079,6320.79,0.998694
7080,6320.8,0.998773
7081,6320.81,0.99905
7082,6320.82,0.999373
7083,6320.83,0.999627
7084,6320.84,0.999787
7085,6320.85,0.999876
7086,6320.86,0.999922
7087,6320.87,0.999947
7088,6320.88,0.999961
7089,6320.89,0.99997
7090,6320.9,0.999976
7091,6320.91,0.99998
7092,6320.92,0.999983
7093,6320.93,0.999986
7094,6320.94,0.999987
7095,6320.95,0.999989
7096,6320.96,0.99999
7097,6320.97,0.999991
7098,6320.98,0.999992
7099,6320.99,0.999993
7100,6321.0,0.999993
7101,6321.01,0.999994
7102,6321.02,0.999994
7103,6321.03,0.999994
7104,6321.04,0.999994
7105,6321.05,0.999994
7106,6321.06,0.999994
7107,6321.07,0.999994
7108,6321.08,0.999994
7109,6321.09,0.999994
7110,6321.1,0.999994
7111,6321.11,0.999994
7112,6321.12,0.999993
7113,6321.13,0.999993
7114,6321.14,0.999992
7115,6321.15,0.999992
7116,6321.16,0.999991
7117,6321.17,0.99999
7118,6321.18,0.999988
7119,6321.19,0.999987
7120,6321.2,0.999984
7121,6321.21,0.999981
7122,6321.22,0.999977
7123,6321.23,0.999971
7124,6321.24,0.999962
7125,6321.25,0.999947
7126,6321.26,0.999919
7127,6321.27,0.999864
7128,6321.28,0.999758
7129,6321.29,0.999574
7130,6321.3,0.999306
7131,6321.31,0.999018
7132,6321.32,0.998848
7133,6321.33,0.9989
7134,6321.34,0.999137
7135,6321.35,0.999426
7136,6321.36,0.999658
7137,6321.37,0.999806
7138,6321.38,0.999887
7139,6321.39,0.99993
7140,6321.4,0.999953
7141,6321.41,0.999965
7142,6321.42,0.999973
7143,6321.43,0.999979
7144,6321.44,0.999983
7145,6321.45,0.999986
7146,6321.46,0.999988
7147,6321.47,0.99999
7148,6321.48,0.999991
7149,6321.49,0.999992
7150,6321.5,0.999993
7151,6321.51,0.999994
7152,6321.52,0.999994
7153,6321.53,0.999995
7154,6321.54,0.999995
7155,6321.55,0.999996
7156,6321.56,0.999996
7157,6321.57,0.999997
7158,6321.58,0.999997
7159,6321.59,0.999997
7160,6321.6,0.999997
7161,6321.61,0.999997
7162,6321.62,0.999998
7163,6321.63,0.999998
7164,6321.64,0.999998
7165,6321.65,0.999998
7166,6321.66,0.999998
7167,6321.67,0.999998
7168,6321.68,0.999998
7169,6321.69,0.999998
7170,6321.7,0.999998
7171,6321.71,0.999998
7172,6321.72,0.999998
7173,6321.73,0.999998
7174,6321.74,0.999998
7175,6321.75,0.999998
7176,6321.76,0.999998
7177,6321.77,0.999998
7178,6321.78,0.999998
7179,6321.79,0.999998
7180,6321.8,0.999998
7181,6321.81,0.999998
7182,6321.82,0.999997
7183,6321.83,0.999997
7184,6321.84,0.999997
7185,6321.85,0.999997
7186,6321.86,0.999996
7187,6321.87,0.999996
7188,6321.88,0.999996
7189,6321.89,0.999995
7190,6321.9,0.999995
7191,6321.91,0.999994
7192,6321.92,0.999994
7193,6321.93,0.999993
7194,6321.94,0.999992
7195,6321.95,0.999991
7196,6321.96,0.99999
7197,6321.97,0.999989
7198,6321.98,0.999987
7199,6321.99,0.999985
7200,6322.0,0.999982
7201,6322.01,0.999978
7202,6322.02,0.999973
7203,6322.03,0.999966
7204,6322.04,0.999955
7205,6322.05,0.999938
7206,6322.06,0.999906
7207,6322.07,0.999845
7208,6322.08,0.999724
7209,6322.09,0.999509
7210,6322.1,0.999181
7211,6322.11,0.998808
7212,6322.12,0.998556
7213,6322.13,0.998576
7214,6322.14,0.998852
7215,6322.15,0.999221
7216,6322.16,0.999532
7217,6322.17,0.999735
7218,6322.18,0.999848
7219,6322.19,0.999907
7220,6322.2,0.999938
7221,6322.21,0.999955
7222,6322.22,0.999965
7223,6322.23,0.999972
7224,6322.24,0.999977
7225,6322.25,0.999981
7226,6322.26,0.999984
7227,6322.27,0.999986
7228,6322.28,0.999988
7229,6322.29,0.99999
7230,6322.3,0.999991
7231,6322.31,0.999992
7232,6322.32,0.999993
7233,6322.33,0.999993
7234,6322.34,0.999994
7235,6322.35,0.999994
7236,6322.36,0.999995
7237,6322.37,0.999995
7238,6322.38,0.999995
7239,6322.39,0.999995
7240,6322.4,0.999995
7241,6322.41,0.999995
7242,6322.42,0.999996
7243,6322.43,0.999996
7244,6322.44,0.999996
7245,6322.45,0.999996
7246,6322.46,0.999995
7247,6322.47,0.999995
7248,6322.48,0.999995
7249,6322.49,0.999995
7250,6322.5,0.999995
7251,6322.51,0.999994
7252,6322.52,0.999994
7253,6322.53,0.999993
7254,6322.54,0.999993
7255,6322.55,0.999992
7256,6322.56,0.999991
7257,6322.57,0.99999
7258,6322.58,0.999988
7259,6322.59,0.999986
7260,6322.6,0.999984
7261,6322.61,0.999981
7262,6322.62,0.999976
7263,6322.63,0.99997
7264,6322.64,0.999961
7265,6322.65,0.999946
7266,6322.66,0.999919
7267,6322.67,0.999867
7268,6322.68,0.999764
7269,6322.69,0.99958
7270,6322.7,0.999299
7271,6322.71,0.998975
7272,6322.72,0.998747
7273,6322.73,0.99875
7274,6322.74,0.998979
7275,6322.75,0.999299
7276,6322.76,0.999577
7277,6322.77,0.99976
7278,6322.78,0.999863
7279,6322.79,0.999917
7280,6322.8,0.999945
7281,6322.81,0.99996
7282,6322.82,0.99997
7283,6322.83,0.999976
7284,6322.84,0.999981
7285,6322.85,0.999984
7286,6322.86,0.999986
7287,6322.87,0.999988
7288,6322.88,0.99999
7289,6322.89,0.999991
7290,6322.9,0.999992
7291,6322.91,0.999993
7292,6322.92,0.999993
7293,6322.93,0.999994
7294,6322.94,0.999994
7295,6322.95,0.999994
7296,6322.96,0.999995
7297,6322.97,0.999995
7298,6322.98,0.999995
7299,6322.99,0.999995
7300,6323.0,0.999995
7301,6323.01,0.999995
7302,6323.02,0.999995
7303,6323.03,0.999995
7304,6323.04,0.999994
7305,6323.05,0.999994
7306,6323.06,0.999994
7307,6323.07,0.999993
7308,6323.08,0.999993
7309,6323.09,0.999993
7310,6323.1,0.999992
7311,6323.11,0.999991
7312,6323.12,0.999991
7313,6323.13,0.99999
7314,6323.14,0.999989
7315,6323.15,0.999989
7316,6323.16,0.999988
7317,6323.17,0.999987
7318,6323.18,0.999986
7319,6323.19,0.999984
7320,6323.2,0.999983
7321,6323.21,0.999982
7322,6323.22,0.99998
7323,6323.23,0.999979
7324,6323.24,0.999977
7325,6323.25,0.999975
7326,6323.26,0.999973
7327,6323.27,0.99997
7328,6323.28,0.999968
7329,6323.29,0.999965
7330,6323.3,0.999962
7331,6323.31,0.999959
7332,6323.32,0.999955
7333,6323.33,0.999952
7334,6323.34,0.999947
7335,6323.35,0.999942
7336,6323.36,0.999937
7337,6323.37,0.999931
7338,6323.38,0.999924
7339,6323.39,0.999916
7340,6323.4,0.999907
7341,6323.41,0.999896
7342,6323.42,0.999883
7343,6323.43,0.999867
7344,6323.44,0.999844
7345,6323.45,0.999809
7346,6323.46,0.999751
7347,6323.47,0.999647
7348,6323.48,0.999459
7349,6323.49,0.999154
7350,6323.5,0.998749
7351,6323.51,0.998372
7352,6323.52,0.998212
7353,6323.53,0.998357
7354,6323.54,0.998698
7355,6323.55,0.999045
7356,6323.56,0.999283
7357,6323.57,0.999401
7358,6323.58,0.999433
7359,6323.59,0.99941
7360,6323.6,0.999351
7361,6323.61,0.99926
7362,6323.62,0.999136
7363,6323.63,0.998969
7364,6323.64,0.998742
7365,6323.65,0.998423
7366,6323.66,0.997944
7367,6323.67,0.997157
7368,6323.68,0.995712
7369,6323.69,0.992871
7370,6323.7,0.987303
7371,6323.71,0.977225
7372,6323.72,0.961791
7373,6323.73,0.94388
7374,6323.74,0.931105
7375,6323.75,0.9309
7376,6323.76,0.943322
7377,6323.77,0.960992
7378,6323.78,0.976373
7379,6323.79,0.986607
7380,6323.8,0.992406
7381,6323.81,0.995428
7382,6323.82,0.996989
7383,6323.83,0.997844
7384,6323.84,0.99836
7385,6323.85,0.998704
7386,6323.86,0.998948
7387,6323.87,0.999129
7388,6323.88,0.999267
7389,6323.89,0.999375
7390,6323.9,0.999461
7391,6323.91,0.99953
7392,6323.92,0.999586
7393,6323.93,0.999633
7394,6323.94,0.999671
7395,6323.95,0.999703
7396,6323.96,0.99973
7397,6323.97,0.999753
7398,6323.98,0.999773
7399,6323.99,0.99979
7400,6324.0,0.999804
7401,6324.01,0.999815
7402,6324.02,0.999825
7403,6324.03,0.999833
7404,6324.04,0.999839
7405,6324.05,0.999844
7406,6324.06,0.999847
7407,6324.07,0.999848
7408,6324.08,0.999847
7409,6324.09,0.999844
7410,6324.1,0.999837
7411,6324.11,0.999824
7412,6324.12,0.9998
7413,6324.13,0.999755
7414,6324.14,0.999666
7415,6324.15,0.999501
7416,6324.16,0.999234
7417,6324.17,0.99889
7418,6324.18,0.998592
7419,6324.19,0.998503
7420,6324.2,0.998675
7421,6324.21,0.99899
7422,6324.22,0.99929
7423,6324.23,0.999495
7424,6324.24,0.999605
7425,6324.25,0.999653
7426,6324.26,0.999663
7427,6324.27,0.999654
7428,6324.28,0.999631
7429,6324.29,0.999598
7430,6324.3,0.999555
7431,6324.31,0.999502
7432,6324.32,0.999435
7433,6324.33,0.99935
7434,6324.34,0.999243
7435,6324.35,0.999105
7436,6324.36,0.998923
7437,6324.37,0.998677
7438,6324.38,0.99833
7439,6324.39,0.997806
7440,6324.4,0.996938
7441,6324.41,0.995338
7442,6324.42,0.992193
7443,6324.43,0.986058
7444,6324.44,0.975055
7445,6324.45,0.958418
7446,6324.46,0.93948
7447,6324.47,0.926465
7448,6324.48,0.926901
7449,6324.49,0.940357
7450,6324.5,0.959032
7451,6324.51,0.975201
7452,6324.52,0.985947
7453,6324.53,0.992032
7454,6324.54,0.995207
7455,6324.55,0.996851
7456,6324.56,0.997754
7457,6324.57,0.9983
7458,6324.58,0.998661
7459,6324.59,0.998916
7460,6324.6,0.999104
7461,6324.61,0.999248
7462,6324.62,0.999359
7463,6324.63,0.999449
7464,6324.64,0.999521
7465,6324.65,0.999581
7466,6324.66,0.999631
7467,6324.67,0.999673
7468,6324.68,0.999708
7469,6324.69,0.999739
7470,6324.7,0.999765
7471,6324.71,0.999788
7472,6324.72,0.999807
7473,6324.73,0.999825
7474,6324.74,0.99984
7475,6324.75,0.999854
7476,6324.76,0.999865
7477,6324.77,0.999876
7478,6324.78,0.999885
7479,6324.79,0.999893
7480,6324.8,0.9999
7481,6324.81,0.999906
7482,6324.82,0.999912
7483,6324.83,0.999916
7484,6324.84,0.999919
7485,6324.85,0.999921
7486,6324.86,0.999922
7487,6324.87,0.999921
7488,6324.88,0.999918
7489,6324.89,0.999912
7490,6324.9,0.999898
7491,6324.91,0.999872
7492,6324.92,0.999817
7493,6324.93,0.999706
7494,6324.94,0.999499
7495,6324.95,0.999169
7496,6324.96,0.998762
7497,6324.97,0.998441
7498,6324.98,0.998396
7499,6324.99,0.998655
7500,6325.0,0.999058
7501,6325.01,0.99942
7502,6325.02,0.999666
7503,6325.03,0.999806
7504,6325.04,0.999879
7505,6325.05,0.999918
7506,6325.06,0.999939
7507,6325.07,0.999952
7508,6325.08,0.999961
7509,6325.09,0.999967
7510,6325.1,0.999972
7511,6325.11,0.999976
7512,6325.12,0.999979
7513,6325.13,0.999982
7514,6325.14,0.999984
7515,6325.15,0.999986
7516,6325.16,0.999987
7517,6325.17,0.999989
7518,6325.18,0.99999
7519,6325.19,0.999991
7520,6325.2,0.999992
7521,6325.21,0.999992
7522,6325.22,0.999993
7523,6325.23,0.999994
7524,6325.24,0.999994
7525,6325.25,0.999995
7526,6325.26,0.999995
7527,6325.27,0.999996
7528,6325.28,0.999996
7529,6325.29,0.999996
7530,6325.3,0.999996
7531,6325.31,0.999997
7532,6325.32,0.999997
7533,6325.33,0.999997
7534,6325.34,0.999997
7535,6325.35,0.999997
7536,6325.36,0.999997
7537,6325.37,0.999997
7538,6325.38,0.999997
7539,6325.39,0.999997
7540,6325.4,0.999997
7541,6325.41,0.999997
7542,6325.42,0.999997
7543,6325.43,0.999997
7544,6325.44,0.999997
7545,6325.45,0.999996
7546,6325.46,0.999996
7547,6325.47,0.999996
7548,6325.48,0.999996
7549,6325.49,0.999995
7550,6325.5,0.999995
7551,6325.51,0.999994
7552,6325.52,0.999994
7553,6325.53,0.999993
7554,6325.54,0.999992
7555,6325.55,0.999991
7556,6325.56,0.999989
7557,6325.57,0.999988
7558,6325.58,0.999986
7559,6325.59,0.999983
7560,6325.6,0.999979
7561,6325.61,0.999975
7562,6325.62,0.999968
7563,6325.63,0.999957
7564,6325.64,0.999939
7565,6325.65,0.999906
7566,6325.66,0.99984
7567,6325.67,0.999715
7568,6325.68,0.999496
7569,6325.69,0.999179
7570,6325.7,0.998844
7571,6325.71,0.99865
7572,6325.72,0.998716
7573,6325.73,0.998999
7574,6325.74,0.999339
7575,6325.75,0.999611
7576,6325.76,0.999781
7577,6325.77,0.999875
7578,6325.78,0.999923
7579,6325.79,0.999948
7580,6325.8,0.999962
7581,6325.81,0.999971
7582,6325.82,0.999977
7583,6325.83,0.999981
7584,6325.84,0.999984
7585,6325.85,0.999987
7586,6325.86,0.999989
7587,6325.87,0.99999
7588,6325.88,0.999991
7589,6325.89,0.999992
7590,6325.9,0.999993
7591,6325.91,0.999994
7592,6325.92,0.999995
7593,6325.93,0.999995
7594,6325.94,0.999995
7595,6325.95,0.999996
7596,6325.96,0.999996
7597,6325.97,0.999997
7598,6325.98,0.999997
7599,6325.99,0.999997
7600,6326.0,0.999997
7601,6326.01,0.999997
7602,6326.02,0.999998
7603,6326.03,0.999998
7604,6326.04,0.999998
7605,6326.05,0.999998
7606,6326.06,0.999998
7607,6326.07,0.999998
7608,6326.08,0.999998
7609,6326.09,0.999998
7610,6326.1,0.999998
7611,6326.11,0.999998
7612,6326.12,0.999998
7613,6326.13,0.999998
7614,6326.14,0.999998
7615,6326.15,0.999998
7616,6326.16,0.999998
7617,6326.17,0.999998
7618,6326.18,0.999997
7619,6326.19,0.999997
7620,6326.2,0.999997
7621,6326.21,0.999997
7622,6326.22,0.999997
7623,6326.23,0.999996
7624,6326.24,0.999996
7625,6326.25,0.999996
7626,6326.26,0.999995
7627,6326.27,0.999995
7628,6326.28,0.999994
7629,6326.29,0.999994
7630,6326.3,0.999993
7631,6326.31,0.999992
7632,6326.32,0.999991
7633,6326.33,0.99999
7634,6326.34,0.999989
7635,6326.35,0.999987
7636,6326.36,0.999985
7637,6326.37,0.999982
7638,6326.38,0.999978
7639,6326.39,0.999973
7640,6326.4,0.999966
7641,6326.41,0.999956
7642,6326.42,0.999939
7643,6326.43,0.999909
7644,6326.44,0.99985
7645,6326.45,0.999735
7646,6326.46,0.999522
7647,6326.47,0.999186
7648,6326.48,0.998779
7649,6326.49,0.998468
7650,6326.5,0.998436
7651,6326.51,0.998703
7652,6326.52,0.999102
7653,6326.53,0.999457
7654,6326.54,0.999693
7655,6326.55,0.999827
7656,6326.56,0.999896
7657,6326.57,0.999932
7658,6326.58,0.999952
7659,6326.59,0.999963
7660,6326.6,0.999971
7661,6326.61,0.999977
7662,6326.62,0.999981
7663,6326.63,0.999984
7664,6326.64,0.999986
7665,6326.65,0.999988
7666,6326.66,0.99999
7667,6326.67,0.999991
7668,6326.68,0.999992
7669,6326.69,0.999993
7670,6326.7,0.999994
7671,6326.71,0.999994
7672,6326.72,0.999995
7673,6326.73,0.999995
7674,6326.74,0.999996
7675,6326.75,0.999996
7676,6326.76,0.999996
7677,6326.77,0.999997
7678,6326.78,0.999997
7679,6326.79,0.999997
7680,6326.8,0.999997
7681,6326.81,0.999997
7682,6326.82,0.999998
7683,6326.83,0.999998
7684,6326.84,0.999998
7685,6326.85,0.999998
7686,6326.86,0.999998
7687,6326.87,0.999998
7688,6326.88,0.999998
7689,6326.89,0.999998
7690,6326.9,0.999998
7691,6326.91,0.999998
7692,6326.92,0.999998
7693,6326.93,0.999998
7694,6326.94,0.999998
7695,6326.95,0.999998
7696,6326.96,0.999998
7697,6326.97,0.999998
7698,6326.98,0.999998
7699,6326.99,0.999998
7700,6327.0,0.999998
7701,6327.01,0.999997
7702,6327.02,0.999997
7703,6327.03,0.999997
7704,6327.04,0.999997
7705,6327.05,0.999996
7706,6327.06,0.999996
7707,6327.07,0.999996
7708,6327.08,0.999995
7709,6327.09,0.999995
7710,6327.1,0.999994
7711,6327.11,0.999994
7712,6327.12,0.999993
7713,6327.13,0.999992
7714,6327.14,0.999991
7715,6327.15,0.999989
7716,6327.16,0.999988
7717,6327.17,0.999985
7718,6327.18,0.999983
7719,6327.19,0.999979
7720,6327.2,0.999973
7721,6327.21,0.999966
7722,6327.22,0.999954
7723,6327.23,0.999932
7724,6327.24,0.999892
7725,6327.25,0.999812
7726,6327.26,0.999662
7727,6327.27,0.999412
7728,6327.28,0.99908
7729,6327.29,0.998775
7730,6327.3,0.998664
7731,6327.31,0.998816
7732,6327.32,0.999134
7733,6327.33,0.999455
7734,6327.34,0.999687
7735,6327.35,0.999825
7736,6327.36,0.999898
7737,6327.37,0.999935
7738,6327.38,0.999955
7739,6327.39,0.999966
7740,6327.4,0.999974
7741,6327.41,0.999979
7742,6327.42,0.999983
7743,6327.43,0.999985
7744,6327.44,0.999988
7745,6327.45,0.999989
7746,6327.46,0.999991
7747,6327.47,0.999992
7748,6327.48,0.999993
7749,6327.49,0.999994
7750,6327.5,0.999994
7751,6327.51,0.999995
7752,6327.52,0.999995
7753,6327.53,0.999996
7754,6327.54,0.999996
7755,6327.55,0.999996
7756,6327.56,0.999997
7757,6327.57,0.999997
7758,6327.58,0.999997
7759,6327.59,0.999997
7760,6327.6,0.999998
7761,6327.61,0.999998
7762,6327.62,0.999998
7763,6327.63,0.999998
7764,6327.64,0.999998
7765,6327.65,0.999998
7766,6327.66,0.999998
7767,6327.67,0.999998
7768,6327.68,0.999998
7769,6327.69,0.999998
7770,6327.7,0.999998
7771,6327.71,0.999998
7772,6327.72,0.999998
7773,6327.73,0.999998
7774,6327.74,0.999998
7775,6327.75,0.999998
7776,6327.76,0.999998
7777,6327.77,0.999997
7778,6327.78,0.999997
7779,6327.79,0.999997
7780,6327.8,0.999997
7781,6327.81,0.999997
7782,6327.82,0.999996
7783,6327.83,0.999996
7784,6327.84,0.999996
7785,6327.85,0.999995
7786,6327.86,0.999995
7787,6327.87,0.999994
7788,6327.88,0.999994
7789,6327.89,0.999993
7790,6327.9,0.999992
7791,6327.91,0.999991
7792,6327.92,0.999989
7793,6327.93,0.999988
7794,6327.94,0.999986
7795,6327.95,0.999983
7796,6327.96,0.99998
7797,6327.97,0.999975
7798,6327.98,0.999969
7799,6327.99,0.999961
7800,6328.0,0.999946
7801,6328.01,0.999921
7802,6328.02,0.999873
7803,6328.03,0.999777
7804,6328.04,0.999596
7805,6328.05,0.999298
7806,6328.06,0.998909
7807,6328.07,0.998571
7808,6328.08,0.998472
7809,6328.09,0.998673
7810,6328.1,0.999046
7811,6328.11,0.999408
7812,6328.12,0.999662
7813,6328.13,0.99981
7814,6328.14,0.999888
7815,6328.15,0.999927
7816,6328.16,0.999949
7817,6328.17,0.999961
7818,6328.18,0.99997
7819,6328.19,0.999975
7820,6328.2,0.999979
7821,6328.21,0.999982
7822,6328.22,0.999985
7823,6328.23,0.999986
7824,6328.24,0.999988
7825,6328.25,0.999989
7826,6328.26,0.99999
7827,6328.27,0.99999
7828,6328.28,0.999991
7829,6328.29,0.999991
7830,6328.3,0.999991
7831,6328.31,0.999991
7832,6328.32,0.999991
7833,6328.33,0.999991
7834,6328.34,0.999991
7835,6328.35,0.999991
7836,6328.36,0.99999
7837,6328.37,0.99999
7838,6328.38,0.99999
7839,6328.39,0.999989
7840,6328.4,0.999988
7841,6328.41,0.999988
7842,6328.42,0.999987
7843,6328.43,0.999986
7844,6328.44,0.999985
7845,6328.45,0.999984
7846,6328.46,0.999983
7847,6328.47,0.999982
7848,6328.48,0.99998
7849,6328.49,0.999979
7850,6328.5,0.999977
7851,6328.51,0.999975
7852,6328.52,0.999973
7853,6328.53,0.999971
7854,6328.54,0.999969
7855,6328.55,0.999966
7856,6328.56,0.999963
7857,6328.57,0.99996
7858,6328.58,0.999957
7859,6328.59,0.999953
7860,6328.6,0.999949
7861,6328.61,0.999944
7862,6328.62,0.999939
7863,6328.63,0.999933
7864,6328.64,0.999927
7865,6328.65,0.99992
7866,6328.66,0.999912
7867,6328.67,0.999903
7868,6328.68,0.999893
7869,6328.69,0.999881
7870,6328.7,0.999868
7871,6328.71,0.999852
7872,6328.72,0.999833
7873,6328.73,0.999811
7874,6328.74,0.999785
7875,6328.75,0.999754
7876,6328.76,0.999715
7877,6328.77,0.999667
7878,6328.78,0.999608
7879,6328.79,0.999531
7880,6328.8,0.999432
7881,6328.81,0.999297
7882,6328.82,0.999105
7883,6328.83,0.99881
7884,6328.84,0.998306
7885,6328.85,0.997349
7886,6328.86,0.995447
7887,6328.87,0.991765
7888,6328.88,0.985346
7889,6328.89,0.976142
7890,6328.9,0.966568
7891,6328.91,0.961199
7892,6328.92,0.963196
7893,6328.93,0.971106
7894,6328.94,0.980479
7895,6328.95,0.987985
7896,6328.96,0.992876
7897,6328.97,0.995759
7898,6328.98,0.997383
7899,6328.99,0.998288
7900,6329.0,0.998802
7901,6329.01,0.99911
7902,6329.02,0.999308
7903,6329.03,0.999443
7904,6329.04,0.999541
7905,6329.05,0.999614
7906,6329.06,0.999672
7907,6329.07,0.999717
7908,6329.08,0.999753
7909,6329.09,0.999782
7910,6329.1,0.999807
7911,6329.11,0.999827
7912,6329.12,0.999844
7913,6329.13,0.999859
7914,6329.14,0.999871
7915,6329.15,0.999882
7916,6329.16,0.999891
7917,6329.17,0.999899
7918,6329.18,0.999905
7919,6329.19,0.999911
7920,6329.2,0.999916
7921,6329.21,0.99992
7922,6329.22,0.999923
7923,6329.23,0.999926
7924,6329.24,0.999928
7925,6329.25,0.99993
7926,6329.26,0.999931
7927,6329.27,0.999931
7928,6329.28,0.999931
7929,6329.29,0.99993
7930,6329.3,0.999929
7931,6329.31,0.999928
7932,6329.32,0.999925
7933,6329.33,0.999923
7934,6329.34,0.999919
7935,6329.35,0.999915
7936,6329.36,0.99991
7937,6329.37,0.999904
7938,6329.38,0.999897
7939,6329.39,0.999889
7940,6329.4,0.99988
7941,6329.41,0.999869
7942,6329.42,0.999857
7943,6329.43,0.999842
7944,6329.44,0.999825
7945,6329.45,0.999804
7946,6329.46,0.999779
7947,6329.47,0.999749
7948,6329.48,0.999713
7949,6329.49,0.999669
7950,6329.5,0.999613
7951,6329.51,0.999542
7952,6329.52,0.999448
7953,6329.53,0.999322
7954,6329.54,0.999145
7955,6329.55,0.998879
7956,6329.56,0.998441
7957,6329.57,0.997636
7958,6329.58,0.996046
7959,6329.59,0.992916
7960,6329.6,0.987224
7961,6329.61,0.978421
7962,6329.62,0.968009
7963,6329.63,0.960278
7964,6329.64,0.959643
7965,6329.65,0.966456
7966,6329.66,0.976666
7967,6329.67,0.98576
7968,6329.68,0.991794
7969,6329.69,0.995059
7970,6329.7,0.996539
7971,6329.71,0.997111
7972,6329.72,0.997401
7973,6329.73,0.997761
7974,6329.74,0.998246
7975,6329.75,0.998735
7976,6329.76,0.999119
7977,6329.77,0.999373
7978,6329.78,0.999531
7979,6329.79,0.999629
7980,6329.8,0.999695
7981,6329.81,0.999742
7982,6329.82,0.999778
7983,6329.83,0.999807
7984,6329.84,0.99983
7985,6329.85,0.999849
7986,6329.86,0.999865
7987,6329.87,0.999879
7988,6329.88,0.999891
7989,6329.89,0.999902
7990,6329.9,0.999911
7991,6329.91,0.999919
7992,6329.92,0.999927
7993,6329.93,0.999933
7994,6329.94,0.999939
7995,6329.95,0.999944
7996,6329.96,0.999949
7997,6329.97,0.999953
7998,6329.98,0.999957
7999,6329.99,0.99996
8000,6330.0,0.999964
8001,6330.01,0.999966
8002,6330.02,0.999969
8003,6330.03,0.999971
8004,6330.04,0.999974
8005,6330.05,0.999976
8006,6330.06,0.999978
8007,6330.07,0.999979
8008,6330.08,0.999981
8009,6330.09,0.999982
8010,6330.1,0.999984
8011,6330.11,0.999985
8012,6330.12,0.999986
8013,6330.13,0.999987
8014,6330.14,0.999988
8015,6330.15,0.999989
8016,6330.16,0.99999
8017,6330.17,0.999991
8018,6330.18,0.999991
8019,6330.19,0.999992
8020,6330.2,0.999993
8021,6330.21,0.999993
8022,6330.22,0.999994
8023,6330.23,0.999994
8024,6330.24,0.999994
8025,6330.25,0.999995
8026,6330.26,0.999995
8027,6330.27,0.999996
8028,6330.28,0.999996
8029,6330.29,0.999996
8030,6330.3,0.999996
8031,6330.31,0.999996
8032,6330.32,0.999997
8033,6330.33,0.999997
8034,6330.34,0.999997
8035,6330.35,0.999997
8036,6330.36,0.999997
8037,6330.37,0.999997
8038,6330.38,0.999997
8039,6330.39,0.999997
8040,6330.4,0.999997
8041,6330.41,0.999996
8042,6330.42,0.999996
8043,6330.43,0.999996
8044,6330.44,0.999996
8045,6330.45,0.999995
8046,6330.46,0.999995
8047,6330.47,0.999994
8048,6330.48,0.999994
8049,6330.49,0.999993
8050,6330.5,0.999992
8051,6330.51,0.999991
8052,6330.52,0.999989
8053,6330.53,0.999987
8054,6330.54,0.999985
8055,6330.55,0.999981
8056,6330.56,0.999977
8057,6330.57,0.99997
8058,6330.58,0.99996
8059,6330.59,0.999942
8060,6330.6,0.999907
8061,6330.61,0.999839
8062,6330.62,0.999709
8063,6330.63,0.999491
8064,6330.64,0.9992
8065,6330.65,0.998932
8066,6330.66,0.99883
8067,6330.67,0.998959
8068,6330.68,0.999237
8069,6330.69,0.999519
8070,6330.7,0.999724
8071,6330.71,0.999845
8072,6330.72,0.99991
8073,6330.73,0.999942
8074,6330.74,0.99996
8075,6330.75,0.99997
8076,6330.76,0.999977
8077,6330.77,0.999981
8078,6330.78,0.999985
8079,6330.79,0.999987
8080,6330.8,0.999989
8081,6330.81,0.999991
8082,6330.82,0.999992
8083,6330.83,0.999993
8084,6330.84,0.999994
8085,6330.85,0.999994
8086,6330.86,0.999995
8087,6330.87,0.999996
8088,6330.88,0.999996
8089,6330.89,0.999996
8090,6330.9,0.999997
8091,6330.91,0.999997
8092,6330.92,0.999997
8093,6330.93,0.999997
8094,6330.94,0.999998
8095,6330.95,0.999998
8096,6330.96,0.999998
8097,6330.97,0.999998
8098,6330.98,0.999998
8099,6330.99,0.999998
8100,6331.0,0.999998
8101,6331.01,0.999998
8102,6331.02,0.999998
8103,6331.03,0.999998
8104,6331.04,0.999998
8105,6331.05,0.999998
8106,6331.06,0.999998
8107,6331.07,0.999998
8108,6331.08,0.999998
8109,6331.09,0.999998
8110,6331.1,0.999998
8111,6331.11,0.999998
8112,6331.12,0.999998
8113,6331.13,0.999998
8114,6331.14,0.999998
8115,6331.15,0.999997
8116,6331.16,0.999997
8117,6331.17,0.999997
8118,6331.18,0.999997
8119,6331.19,0.999996
8120,6331.2,0.999996
8121,6331.21,0.999996
8122,6331.22,0.999995
8123,6331.23,0.999995
8124,6331.24,0.999994
8125,6331.25,0.999993
8126,6331.26,0.999992
8127,6331.27,0.999991
8128,6331.28,0.99999
8129,6331.29,0.999988
8130,6331.3,0.999986
8131,6331.31,0.999983
8132,6331.32,0.99998
8133,6331.33,0.999975
8134,6331.34,0.999968
8135,6331.35,0.999957
8136,6331.36,0.999938
8137,6331.37,0.999902
8138,6331.38,0.999831
8139,6331.39,0.999694
8140,6331.4,0.999462
8141,6331.41,0.999145
8142,6331.42,0.99884
8143,6331.43,0.998708
8144,6331.44,0.99883
8145,6331.45,0.999127
8146,6331.46,0.999442
8147,6331.47,0.999677
8148,6331.48,0.999818
8149,6331.49,0.999894
8150,6331.5,0.999933
8151,6331.51,0.999954
8152,6331.52,0.999966
8153,6331.53,0.999974
8154,6331.54,0.999979
8155,6331.55,0.999983
8156,6331.56,0.999986
8157,6331.57,0.999988
8158,6331.58,0.99999
8159,6331.59,0.999991
8160,6331.6,0.999992
8161,6331.61,0.999993
8162,6331.62,0.999994
8163,6331.63,0.999995
8164,6331.64,0.999995
8165,6331.65,0.999996
8166,6331.66,0.999996
8167,6331.67,0.999996
8168,6331.68,0.999997
8169,6331.69,0.999997
8170,6331.7,0.999997
8171,6331.71,0.999998
8172,6331.72,0.999998
8173,6331.73,0.999998
8174,6331.74,0.999998
8175,6331.75,0.999998
8176,6331.76,0.999998
8177,6331.77,0.999999
8178,6331.78,0.999999
8179,6331.79,0.999999
8180,6331.8,0.999999
8181,6331.81,0.999999
8182,6331.82,0.999999
8183,6331.83,0.999999
8184,6331.84,0.999999
8185,6331.85,0.999999
8186,6331.86,0.999999
8187,6331.87,0.999999
8188,6331.88,0.999999
8189,6331.89,0.999999
8190,6331.9,0.999999
8191,6331.91,0.999999
8192,6331.92,0.999999
8193,6331.93,0.999999
8194,6331.94,0.999999
8195,6331.95,0.999999
8196,6331.96,0.999999
8197,6331.97,0.999999
8198,6331.98,0.999999
8199,6331.99,0.999999
8200,6332.0,0.999999
8201,6332.01,0.999999
8202,6332.02,0.999999
8203,6332.03,0.999999
8204,6332.04,0.999999
8205,6332.05,0.999999
8206,6332.06,0.999999
8207,6332.07,0.999999
8208,6332.08,0.999999
8209,6332.09,0.999999
8210,6332.1,0.999999
8211,6332.11,0.999999
8212,6332.12,0.999999
8213,6332.13,0.999998
8214,6332.14,0.999998
8215,6332.15,0.999998
8216,6332.16,0.999998
8217,6332.17,0.999998
8218,6332.18,0.999998
8219,6332.19,0.999997
8220,6332.2,0.999997
8221,6332.21,0.999997
8222,6332.22,0.999996
8223,6332.23,0.999996
8224,6332.24,0.999995
8225,6332.25,0.999995
8226,6332.26,0.999994
8227,6332.27,0.999993
8228,6332.28,0.999992
8229,6332.29,0.999991
8230,6332.3,0.999989
8231,6332.31,0.999987
8232,6332.32,0.999985
8233,6332.33,0.999981
8234,6332.34,0.999976
8235,6332.35,0.999968
8236,6332.36,0.999956
8237,6332.37,0.999933
8238,6332.38,0.999887
8239,6332.39,0.999799
8240,6332.4,0.999643
8241,6332.41,0.999411
8242,6332.42,0.999151
8243,6332.43,0.998983
8244,6332.44,0.999006
8245,6332.45,0.999205
8246,6332.46,0.999465
8247,6332.47,0.999681
8248,6332.48,0.99982
8249,6332.49,0.999897
8250,6332.5,0.999937
8251,6332.51,0.999958
8252,6332.52,0.999969
8253,6332.53,0.999977
8254,6332.54,0.999981
8255,6332.55,0.999985
8256,6332.56,0.999988
8257,6332.57,0.999989
8258,6332.58,0.999991
8259,6332.59,0.999992
8260,6332.6,0.999993
8261,6332.61,0.999994
8262,6332.62,0.999995
8263,6332.63,0.999995
8264,6332.64,0.999996
8265,6332.65,0.999996
8266,6332.66,0.999997
8267,6332.67,0.999997
8268,6332.68,0.999997
8269,6332.69,0.999997
8270,6332.7,0.999998
8271,6332.71,0.999998
8272,6332.72,0.999998
8273,6332.73,0.999998
8274,6332.74,0.999998
8275,6332.75,0.999998
8276,6332.76,0.999998
8277,6332.77,0.999998
8278,6332.78,0.999998
8279,6332.79,0.999998
8280,6332.8,0.999998
8281,6332.81,0.999998
8282,6332.82,0.999998
8283,6332.83,0.999998
8284,6332.84,0.999998
8285,6332.85,0.999998
8286,6332.86,0.999998
8287,6332.87,0.999998
8288,6332.88,0.999998
8289,6332.89,0.999998
8290,6332.9,0.999998
8291,6332.91,0.999998
8292,6332.92,0.999998
8293,6332.93,0.999997
8294,6332.94,0.999997
8295,6332.95,0.999997
8296,6332.96,0.999997
8297,6332.97,0.999996
8298,6332.98,0.999996
8299,6332.99,0.999996
8300,6333.0,0.999995
8301,6333.01,0.999995
8302,6333.02,0.999994
8303,6333.03,0.999993
8304,6333.04,0.999992
8305,6333.05,0.999991
8306,6333.06,0.99999
8307,6333.07,0.999988
8308,6333.08,0.999985
8309,6333.09,0.999982
8310,6333.1,0.999978
8311,6333.11,0.999972
8312,6333.12,0.999962
8313,6333.13,0.999946
8314,6333.14,0.999915
8315,6333.15,0.999853
8316,6333.16,0.999736
8317,6333.17,0.999534
8318,6333.18,0.999251
8319,6333.19,0.998971
8320,6333.2,0.998835
8321,6333.21,0.998928
8322,6333.22,0.999187
8323,6333.23,0.999474
8324,6333.24,0.999693
8325,6333.25,0.999828
8326,6333.26,0.9999
8327,6333.27,0.999938
8328,6333.28,0.999958
8329,6333.29,0.999969
8330,6333.3,0.999976
8331,6333.31,0.999981
8332,6333.32,0.999984
8333,6333.33,0.999987
8334,6333.34,0.999989
8335,6333.35,0.999991
8336,6333.36,0.999992
8337,6333.37,0.999993
8338,6333.38,0.999994
8339,6333.39,0.999995
8340,6333.4,0.999995
8341,6333.41,0.999996
8342,6333.42,0.999996
8343,6333.43,0.999997
8344,6333.44,0.999997
8345,6333.45,0.999997
8346,6333.46,0.999997
8347,6333.47,0.999998
8348,6333.48,0.999998
8349,6333.49,0.999998
8350,6333.5,0.999998
8351,6333.51,0.999998
8352,6333.52,0.999998
8353,6333.53,0.999999
8354,6333.54,0.999999
8355,6333.55,0.999999
8356,6333.56,0.999999
8357,6333.57,0.999999
8358,6333.58,0.999999
8359,6333.59,0.999999
8360,6333.6,0.999999
8361,6333.61,0.999999
8362,6333.62,0.999999
8363,6333.63,0.999999
8364,6333.64,0.999999
8365,6333.65,0.999999
8366,6333.66,0.999999
8367,6333.67,0.999999
8368,6333.68,0.999999
8369,6333.69,0.999999
8370,6333.7,0.999998
8371,6333.71,0.999998
8372,6333.72,0.999998
8373,6333.73,0.999998
8374,6333.74,0.999998
8375,6333.75,0.999998
8376,6333.76,0.999997
8377,6333.77,0.999997
8378,6333.78,0.999997
8379,6333.79,0.999997
8380,6333.8,0.999997
8381,6333.81,0.999996
8382,6333.82,0.999996
8383,6333.83,0.999996
8384,6333.84,0.999995
8385,6333.85,0.999995
8386,6333.86,0.999994
8387,6333.87,0.999994
8388,6333.88,0.999993
8389,6333.89,0.999993
8390,6333.9,0.999992
8391,6333.91,0.999991
8392,6333.92,0.999991
8393,6333.93,0.99999
8394,6333.94,0.999989
8395,6333.95,0.999988
8396,6333.96,0.999987
8397,6333.97,0.999986
8398,6333.98,0.999985
8399,6333.99,0.999983
8400,6334.0,0.999982
8401,6334.01,0.99998
8402,6334.02,0.999979
8403,6334.03,0.999977
8404,6334.04,0.999975
8405,6334.05,0.999972
8406,6334.06,0.999969
8407,6334.07,0.999966
8408,6334.08,0.999963
8409,6334.09,0.999959
8410,6334.1,0.999955
8411,6334.11,0.99995
8412,6334.12,0.999944
8413,6334.13,0.999938
8414,6334.14,0.99993
8415,6334.15,0.999922
8416,6334.16,0.999911
8417,6334.17,0.999898
8418,6334.18,0.999882
8419,6334.19,0.999861
8420,6334.2,0.999831
8421,6334.21,0.999788
8422,6334.22,0.999719
8423,6334.23,0.999605
8424,6334.24,0.999425
8425,6334.25,0.999173
8426,6334.26,0.998892
8427,6334.27,0.998661
8428,6334.28,0.998508
8429,6334.29,0.998309
8430,6334.3,0.99777
8431,6334.31,0.996451
8432,6334.32,0.993827
8433,6334.33,0.989636
8434,6334.34,0.984635
8435,6334.35,0.980938
8436,6334.36,0.980674
8437,6334.37,0.983972
8438,6334.38,0.988873
8439,6334.39,0.993248
8440,6334.4,0.996202
8441,6334.41,0.997882
8442,6334.42,0.998752
8443,6334.43,0.999195
8444,6334.44,0.999432
8445,6334.45,0.999572
8446,6334.46,0.999664
8447,6334.47,0.999728
8448,6334.48,0.999775
8449,6334.49,0.999811
8450,6334.5,0.999838
8451,6334.51,0.999861
8452,6334.52,0.999879
8453,6334.53,0.999893
8454,6334.54,0.999905
8455,6334.55,0.999915
8456,6334.56,0.999924
8457,6334.57,0.999931
8458,6334.58,0.999937
8459,6334.59,0.999942
8460,6334.6,0.999947
8461,6334.61,0.99995
8462,6334.62,0.999954
8463,6334.63,0.999956
8464,6334.64,0.999959
8465,6334.65,0.999961
8466,6334.66,0.999962
8467,6334.67,0.999964
8468,6334.68,0.999965
8469,6334.69,0.999965
8470,6334.7,0.999966
8471,6334.71,0.999966
8472,6334.72,0.999966
8473,6334.73,0.999965
8474,6334.74,0.999965
8475,6334.75,0.999964
8476,6334.76,0.999962
8477,6334.77,0.999961
8478,6334.78,0.999959
8479,6334.79,0.999957
8480,6334.8,0.999954
8481,6334.81,0.999951
8482,6334.82,0.999947
8483,6334.83,0.999943
8484,6334.84,0.999938
8485,6334.85,0.999932
8486,6334.86,0.999925
8487,6334.87,0.999917
8488,6334.88,0.999907
8489,6334.89,0.999896
8490,6334.9,0.999882
8491,6334.91,0.999865
8492,6334.92,0.999845
8493,6334.93,0.999819
8494,6334.94,0.999786
8495,6334.95,0.999743
8496,6334.96,0.999684
8497,6334.97,0.999599
8498,6334.98,0.999467
8499,6334.99,0.999248
8500,6335.0,0.998868
8501,6335.01,0.998201
8502,6335.02,0.997043
8503,6335.03,0.995081
8504,6335.04,0.99191
8505,6335.05,0.987395
8506,6335.06,0.982494
8507,6335.07,0.979447
8508,6335.08,0.98015
8509,6335.09,0.984235
8510,6335.1,0.989455
8511,6335.11,0.993774
8512,6335.12,0.99654
8513,6335.13,0.998059
8514,6335.14,0.998834
8515,6335.15,0.999229
8516,6335.16,0.999446
8517,6335.17,0.999578
8518,6335.18,0.999665
8519,6335.19,0.999728
8520,6335.2,0.999774
8521,6335.21,0.99981
8522,6335.22,0.999838
8523,6335.23,0.999861
8524,6335.24,0.999879
8525,6335.25,0.999895
8526,6335.26,0.999907
8527,6335.27,0.999918
8528,6335.28,0.999927
8529,6335.29,0.999934
8530,6335.3,0.999941
8531,6335.31,0.999947
8532,6335.32,0.999952
8533,6335.33,0.999956
8534,6335.34,0.99996
8535,6335.35,0.999964
8536,6335.36,0.999967
8537,6335.37,0.99997
8538,6335.38,0.999973
8539,6335.39,0.999975
8540,6335.4,0.999977
8541,6335.41,0.999979
8542,6335.42,0.999981
8543,6335.43,0.999982
8544,6335.44,0.999984
8545,6335.45,0.999985
8546,6335.46,0.999986
8547,6335.47,0.999987
8548,6335.48,0.999988
8549,6335.49,0.999989
8550,6335.5,0.99999
8551,6335.51,0.999991
8552,6335.52,0.999991
8553,6335.53,0.999992
8554,6335.54,0.999993
8555,6335.55,0.999993
8556,6335.56,0.999994
8557,6335.57,0.999994
8558,6335.58,0.999995
8559,6335.59,0.999995
8560,6335.6,0.999996
8561,6335.61,0.999996
8562,6335.62,0.999996
8563,6335.63,0.999997
8564,6335.64,0.999997
8565,6335.65,0.999997
8566,6335.66,0.999997
8567,6335.67,0.999998
8568,6335.68,0.999998
8569,6335.69,0.999998
8570,6335.7,0.999998
8571,6335.71,0.999998
8572,6335.72,0.999998
8573,6335.73,0.999998
8574,6335.74,0.999999
8575,6335.75,0.999999
8576,6335.76,0.999999
8577,6335.77,0.999999
8578,6335.78,0.999999
8579,6335.79,0.999999
8580,6335.8,0.999999
8581,6335.81,0.999999
8582,6335.82,0.999999
8583,6335.83,0.999999
8584,6335.84,0.999999
8585,6335.85,0.999999
8586,6335.86,0.999999
8587,6335.87,0.999999
8588,6335.88,0.999999
8589,6335.89,0.999999
8590,6335.9,0.999999
8591,6335.91,0.999998
8592,6335.92,0.999998
8593,6335.93,0.999998
8594,6335.94,0.999998
8595,6335.95,0.999998
8596,6335.96,0.999998
8597,6335.97,0.999997
8598,6335.98,0.999997
8599,6335.99,0.999997
8600,6336.0,0.999996
8601,6336.01,0.999996
8602,6336.02,0.999995
8603,6336.03,0.999994
8604,6336.04,0.999993
8605,6336.05,0.999992
8606,6336.06,0.99999
8607,6336.07,0.999988
8608,6336.08,0.999985
8609,6336.09,0.99998
8610,6336.1,0.999971
8611,6336.11,0.999956
8612,6336.12,0.999928
8613,6336.13,0.999875
8614,6336.14,0.999786
8615,6336.15,0.999661
8616,6336.16,0.999534
8617,6336.17,0.999465
8618,6336.18,0.999495
8619,6336.19,0.999602
8620,6336.2,0.999731
8621,6336.21,0.999836
8622,6336.22,0.999904
8623,6336.23,0.999943
8624,6336.24,0.999964
8625,6336.25,0.999975
8626,6336.26,0.999982
8627,6336.27,0.999986
8628,6336.28,0.999989
8629,6336.29,0.999991
8630,6336.3,0.999992
8631,6336.31,0.999994
8632,6336.32,0.999995
8633,6336.33,0.999995
8634,6336.34,0.999996
8635,6336.35,0.999996
8636,6336.36,0.999997
8637,6336.37,0.999997
8638,6336.38,0.999997
8639,6336.39,0.999998
8640,6336.4,0.999998
8641,6336.41,0.999998
8642,6336.42,0.999998
8643,6336.43,0.999998
8644,6336.44,0.999998
8645,6336.45,0.999998
8646,6336.46,0.999999
8647,6336.47,0.999999
8648,6336.48,0.999999
8649,6336.49,0.999999
8650,6336.5,0.999999
8651,6336.51,0.999999
8652,6336.52,0.999999
8653,6336.53,0.999999
8654,6336.54,0.999999
8655,6336.55,0.999999
8656,6336.56,0.999999
8657,6336.57,0.999999
8658,6336.58,0.999999
8659,6336.59,0.999999
8660,6336.6,0.999999
8661,6336.61,0.999999
8662,6336.62,0.999998
8663,6336.63,0.999998
8664,6336.64,0.999998
8665,6336.65,0.999998
8666,6336.66,0.999998
8667,6336.67,0.999998
8668,6336.68,0.999998
8669,6336.69,0.999998
8670,6336.7,0.999997
8671,6336.71,0.999997
8672,6336.72,0.999997
8673,6336.73,0.999997
8674,6336.74,0.999996
8675,6336.75,0.999996
8676,6336.76,0.999995
8677,6336.77,0.999995
8678,6336.78,0.999994
8679,6336.79,0.999993
8680,6336.8,0.999991
8681,6336.81,0.99999
8682,6336.82,0.999988
8683,6336.83,0.999985
8684,6336.84,0.999981
8685,6336.85,0.999975
8686,6336.86,0.999964
8687,6336.87,0.999945
8688,6336.88,0.999909
8689,6336.89,0.99984
8690,6336.9,0.999723
8691,6336.91,0.999556
8692,6336.92,0.999381
8693,6336.93,0.999282
8694,6336.94,0.999317
8695,6336.95,0.999463
8696,6336.96,0.999639
8697,6336.97,0.999782
8698,6336.98,0.999874
8699,6336.99,0.999926
8700,6337.0,0.999954
8701,6337.01,0.999969
8702,6337.02,0.999977
8703,6337.03,0.999982
8704,6337.04,0.999986
8705,6337.05,0.999989
8706,6337.06,0.999991
8707,6337.07,0.999992
8708,6337.08,0.999993
8709,6337.09,0.999994
8710,6337.1,0.999995
8711,6337.11,0.999996
8712,6337.12,0.999996
8713,6337.13,0.999996
8714,6337.14,0.999997
8715,6337.15,0.999997
8716,6337.16,0.999997
8717,6337.17,0.999998
8718,6337.18,0.999998
8719,6337.19,0.999998
8720,6337.2,0.999998
8721,6337.21,0.999998
8722,6337.22,0.999999
8723,6337.23,0.999999
8724,6337.24,0.999999
8725,6337.25,0.999999
8726,6337.26,0.999999
8727,6337.27,0.999999
8728,6337.28,0.999999
8729,6337.29,0.999999
8730,6337.3,0.999999
8731,6337.31,0.999999
8732,6337.32,0.999999
8733,6337.33,0.999999
8734,6337.34,1.0
8735,6337.35,1.0
8736,6337.36,1.0
8737,6337.37,1.0
8738,6337.38,1.0
8739,6337.39,1.0
8740,6337.4,1.0
8741,6337.41,1.0
8742,6337.42,1.0
8743,6337.43,1.0
8744,6337.44,1.0
8745,6337.45,1.0
8746,6337.46,1.0
8747,6337.47,1.0
8748,6337.48,1.0
8749,6337.49,1.0
8750,6337.5,1.0
8751,6337.51,1.0
8752,6337.52,1.0
8753,6337.53,1.0
8754,6337.54,1.0
8755,6337.55,1.0
8756,6337.56,1.0
8757,6337.57,1.0
8758,6337.58,1.0
8759,6337.59,1.0
8760,6337.6,1.0
8761,6337.61,1.0
8762,6337.62,1.0
8763,6337.63,1.0
8764,6337.64,1.0
8765,6337.65,1.0
8766,6337.66,1.0
8767,6337.67,1.0
8768,6337.68,1.0
8769,6337.69,1.0
8770,6337.7,1.0
8771,6337.71,1.0
8772,6337.72,1.0
8773,6337.73,1.0
8774,6337.74,1.0
8775,6337.75,1.0
8776,6337.76,1.0
8777,6337.77,0.999999
8778,6337.78,0.999999
8779,6337.79,0.999999
8780,6337.8,0.999999
8781,6337.81,0.999999
8782,6337.82,0.999999
8783,6337.83,0.999999
8784,6337.84,0.999999
8785,6337.85,0.999999
8786,6337.86,0.999999
8787,6337.87,0.999999
8788,6337.88,0.999999
8789,6337.89,0.999999
8790,6337.9,0.999999
8791,6337.91,0.999998
8792,6337.92,0.999998
8793,6337.93,0.999998
8794,6337.94,0.999998
8795,6337.95,0.999998
8796,6337.96,0.999997
8797,6337.97,0.999997
8798,6337.98,0.999996
8799,6337.99,0.999996
8800,6338.0,0.999995
8801,6338.01,0.999994
8802,6338.02,0.999993
8803,6338.03,0.999992
8804,6338.04,0.999989
8805,6338.05,0.999986
8806,6338.06,0.999981
8807,6338.07,0.999973
8808,6338.08,0.999957
8809,6338.09,0.999929
8810,6338.1,0.99988
8811,6338.11,0.999808
8812,6338.12,0.999725
8813,6338.13,0.999661
8814,6338.14,0.999652
8815,6338.15,0.999701
8816,6338.16,0.999782
8817,6338.17,0.999859
8818,6338.18,0.999915
8819,6338.19,0.999949
8820,6338.2,0.999968
8821,6338.21,0.999979
8822,6338.22,0.999985
8823,6338.23,0.999988
8824,6338.24,0.999991
8825,6338.25,0.999992
8826,6338.26,0.999994
8827,6338.27,0.999995
8828,6338.28,0.999995
8829,6338.29,0.999996
8830,6338.3,0.999997
8831,6338.31,0.999997
8832,6338.32,0.999997
8833,6338.33,0.999998
8834,6338.34,0.999998
8835,6338.35,0.999998
8836,6338.36,0.999998
8837,6338.37,0.999998
8838,6338.38,0.999998
8839,6338.39,0.999999
8840,6338.4,0.999999
8841,6338.41,0.999999
8842,6338.42,0.999999
8843,6338.43,0.999999
8844,6338.44,0.999999
8845,6338.45,0.999999
8846,6338.46,0.999999
8847,6338.47,0.999999
8848,6338.48,0.999999
8849,6338.49,0.999999
8850,6338.5,0.999999
8851,6338.51,0.999999
8852,6338.52,0.999999
8853,6338.53,0.999999
8854,6338.54,0.999999
8855,6338.55,0.999999
8856,6338.56,0.999999
8857,6338.57,0.999999
8858,6338.58,0.999999
8859,6338.59,0.999999
8860,6338.6,0.999999
8861,6338.61,0.999999
8862,6338.62,0.999999
8863,6338.63,0.999999
8864,6338.64,0.999998
8865,6338.65,0.999998
8866,6338.66,0.999998
8867,6338.67,0.999998
8868,6338.68,0.999998
8869,6338.69,0.999998
8870,6338.7,0.999997
8871,6338.71,0.999997
8872,6338.72,0.999997
8873,6338.73,0.999996
8874,6338.74,0.999996
8875,6338.75,0.999995
8876,6338.76,0.999994
8877,6338.77,0.999993
8878,6338.78,0.999992
8879,6338.79,0.99999
8880,6338.8,0.999988
8881,6338.81,0.999984
8882,6338.82,0.999978
8883,6338.83,0.999967
8884,6338.84,0.999947
8885,6338.85,0.999911
8886,6338.86,0.999852
8887,6338.87,0.999769
8888,6338.88,0.999681
8889,6338.89,0.999626
8890,6338.9,0.999634
8891,6338.91,0.999701
8892,6338.92,0.99979
8893,6338.93,0.999867
8894,6338.94,0.99992
8895,6338.95,0.999952
8896,6338.96,0.999969
8897,6338.97,0.999979
8898,6338.98,0.999985
8899,6338.99,0.999988
8900,6339.0,0.999991
8901,6339.01,0.999992
8902,6339.02,0.999994
8903,6339.03,0.999995
8904,6339.04,0.999995
8905,6339.05,0.999996
8906,6339.06,0.999997
8907,6339.07,0.999997
8908,6339.08,0.999997
8909,6339.09,0.999998
8910,6339.1,0.999998
8911,6339.11,0.999998
8912,6339.12,0.999998
8913,6339.13,0.999998
8914,6339.14,0.999999
8915,6339.15,0.999999
8916,6339.16,0.999999
8917,6339.17,0.999999
8918,6339.18,0.999999
8919,6339.19,0.999999
8920,6339.2,0.999999
8921,6339.21,0.999999
8922,6339.22,0.999999
8923,6339.23,0.999999
8924,6339.24,0.999999
8925,6339.25,0.999999
8926,6339.26,0.999999
8927,6339.27,0.999999
8928,6339.28,0.999999
8929,6339.29,1.0
8930,6339.3,1.0
8931,6339.31,1.0
8932,6339.32,1.0
8933,6339.33,1.0
8934,6339.34,1.0
8935,6339.35,1.0
8936,6339.36,1.0
8937,6339.37,1.0
8938,6339.38,1.0
8939,6339.39,1.0
8940,6339.4,0.999999
8941,6339.41,0.999999
8942,6339.42,0.999999
8943,6339.43,0.999999
8944,6339.44,0.999999
8945,6339.45,0.999999
8946,6339.46,0.999999
8947,6339.47,0.999999
8948,6339.48,0.999999
8949,6339.49,0.999999
8950,6339.5,0.999999
8951,6339.51,0.999999
8952,6339.52,0.999999
8953,6339.53,0.999999
8954,6339.54,0.999998
8955,6339.55,0.999998
8956,6339.56,0.999998
8957,6339.57,0.999998
8958,6339.58,0.999998
8959,6339.59,0.999998
8960,6339.6,0.999997
8961,6339.61,0.999997
8962,6339.62,0.999997
8963,6339.63,0.999997
8964,6339.64,0.999996
8965,6339.65,0.999996
8966,6339.66,0.999996
8967,6339.67,0.999995
8968,6339.68,0.999995
8969,6339.69,0.999994
8970,6339.7,0.999994
8971,6339.71,0.999993
8972,6339.72,0.999993
8973,6339.73,0.999992
8974,6339.74,0.999991
8975,6339.75,0.999991
8976,6339.76,0.99999
8977,6339.77,0.999989
8978,6339.78,0.999988
8979,6339.79,0.999987
8980,6339.8,0.999985
8981,6339.81,0.999984
8982,6339.82,0.999982
8983,6339.83,0.99998
8984,6339.84,0.999978
8985,6339.85,0.999976
8986,6339.86,0.999973
8987,6339.87,0.99997
8988,6339.88,0.999966
8989,6339.89,0.999962
8990,6339.9,0.999957
8991,6339.91,0.999951
8992,6339.92,0.999944
8993,6339.93,0.999935
8994,6339.94,0.999923
8995,6339.95,0.999909
8996,6339.96,0.999891
8997,6339.97,0.999867
8998,6339.98,0.999833
8999,6339.99,0.999783
9000,6340.0,0.999704
9001,6340.01,0.999561
9002,6340.02,0.999281
9003,6340.03,0.998722
9004,6340.04,0.997665
9005,6340.05,0.995916
9006,6340.06,0.993618
9007,6340.07,0.991562
9008,6340.08,0.990857
9009,6340.09,0.991939
9010,6340.1,0.994126
9011,6340.11,0.996318
9012,6340.12,0.997883
9013,6340.13,0.998779
9014,6340.14,0.999215
9015,6340.15,0.999404
9016,6340.16,0.999495
9017,6340.17,0.999569
9018,6340.18,0.999653
9019,6340.19,0.999739
9020,6340.2,0.999811
9021,6340.21,0.999862
9022,6340.22,0.999895
9023,6340.23,0.999917
9024,6340.24,0.999932
9025,6340.25,0.999942
9026,6340.26,0.99995
9027,6340.27,0.999956
9028,6340.28,0.999961
9029,6340.29,0.999965
9030,6340.3,0.999968
9031,6340.31,0.999971
9032,6340.32,0.999974
9033,6340.33,0.999976
9034,6340.34,0.999978
9035,6340.35,0.999979
9036,6340.36,0.99998
9037,6340.37,0.999981
9038,6340.38,0.999982
9039,6340.39,0.999983
9040,6340.4,0.999984
9041,6340.41,0.999984
9042,6340.42,0.999984
9043,6340.43,0.999984
9044,6340.44,0.999984
9045,6340.45,0.999984
9046,6340.46,0.999984
9047,6340.47,0.999984
9048,6340.48,0.999983
9049,6340.49,0.999983
9050,6340.5,0.999982
9051,6340.51,0.999981
9052,6340.52,0.99998
9053,6340.53,0.999978
9054,6340.54,0.999977
9055,6340.55,0.999975
9056,6340.56,0.999973
9057,6340.57,0.99997
9058,6340.58,0.999967
9059,6340.59,0.999964
9060,6340.6,0.99996
9061,6340.61,0.999955
9062,6340.62,0.999949
9063,6340.63,0.999942
9064,6340.64,0.999933
9065,6340.65,0.999922
9066,6340.66,0.999908
9067,6340.67,0.99989
9068,6340.68,0.999866
9069,6340.69,0.999833
9070,6340.7,0.999786
9071,6340.71,0.999711
9072,6340.72,0.999581
9073,6340.73,0.99933
9074,6340.74,0.998825
9075,6340.75,0.99785
9076,6340.76,0.996184
9077,6340.77,0.993876
9078,6340.78,0.991604
9079,6340.79,0.990521
9080,6340.8,0.991301
9081,6340.81,0.993437
9082,6340.82,0.995794
9083,6340.83,0.997584
9084,6340.84,0.998665
9085,6340.85,0.999233
9086,6340.86,0.99951
9087,6340.87,0.999637
9088,6340.88,0.999685
9089,6340.89,0.999683
9090,6340.9,0.999652
9091,6340.91,0.999621
9092,6340.92,0.999622
9093,6340.93,0.999668
9094,6340.94,0.999742
9095,6340.95,0.999815
9096,6340.96,0.999872
9097,6340.97,0.999909
9098,6340.98,0.999932
9099,6340.99,0.999946
9100,6341.0,0.999956
9101,6341.01,0.999962
9102,6341.02,0.999967
9103,6341.03,0.999971
9104,6341.04,0.999975
9105,6341.05,0.999977
9106,6341.06,0.99998
9107,6341.07,0.999982
9108,6341.08,0.999983
9109,6341.09,0.999985
9110,6341.1,0.999986
9111,6341.11,0.999988
9112,6341.12,0.999989
9113,6341.13,0.99999
9114,6341.14,0.999991
9115,6341.15,0.999991
9116,6341.16,0.999992
9117,6341.17,0.999993
9118,6341.18,0.999993
9119,6341.19,0.999994
9120,6341.2,0.999994
9121,6341.21,0.999995
9122,6341.22,0.999995
9123,6341.23,0.999996
9124,6341.24,0.999996
9125,6341.25,0.999996
9126,6341.26,0.999997
9127,6341.27,0.999997
9128,6341.28,0.999997
9129,6341.29,0.999997
9130,6341.3,0.999998
9131,6341.31,0.999998
9132,6341.32,0.999998
9133,6341.33,0.999998
9134,6341.34,0.999998
9135,6341.35,0.999998
9136,6341.36,0.999999
9137,6341.37,0.999999
9138,6341.38,0.999999
9139,6341.39,0.999999
9140,6341.4,0.999999
9141,6341.41,0.999999
9142,6341.42,0.999999
9143,6341.43,0.999999
9144,6341.44,0.999999
9145,6341.45,0.999999
9146,6341.46,0.999999
9147,6341.47,1.0
9148,6341.48,1.0
9149,6341.49,1.0
9150,6341.5,1.0
9151,6341.51,1.0
9152,6341.52,1.0
9153,6341.53,1.0
9154,6341.54,1.0
9155,6341.55,1.0
9156,6341.56,1.0
9157,6341.57,1.0
9158,6341.58,1.0
9159,6341.59,1.0
9160,6341.6,1.0
9161,6341.61,1.0
9162,6341.62,1.0
9163,6341.63,1.0
9164,6341.64,1.0
9165,6341.65,1.0
9166,6341.66,1.0
9167,6341.67,1.0
9168,6341.68,1.0
9169,6341.69,1.0
9170,6341.7,1.0
9171,6341.71,1.0
9172,6341.72,1.0
9173,6341.73,1.0
9174,6341.74,1.0
9175,6341.75,1.0
9176,6341.76,1.0
9177,6341.77,1.0
9178,6341.78,1.0
9179,6341.79,1.0
9180,6341.8,1.0
9181,6341.81,1.0
9182,6341.82,1.0
9183,6341.83,1.0
9184,6341.84,1.0
9185,6341.85,1.0
9186,6341.86,1.0
9187,6341.87,1.0
9188,6341.88,1.0
9189,6341.89,1.0
9190,6341.9,1.0
9191,6341.91,1.0
9192,6341.92,1.0
9193,6341.93,1.0
9194,6341.94,1.0
9195,6341.95,1.0
9196,6341.96,1.0
9197,6341.97,1.0
9198,6341.98,1.0
9199,6341.99,1.0
9200,6342.0,1.0
9201,6342.01,1.0
9202,6342.02,1.0
9203,6342.03,0.999999
9204,6342.04,0.999999
9205,6342.05,0.999999
9206,6342.06,0.999999
9207,6342.07,0.999999
9208,6342.08,0.999999
9209,6342.09,0.999999
9210,6342.1,0.999999
9211,6342.11,0.999999
9212,6342.12,0.999998
9213,6342.13,0.999998
9214,6342.14,0.999998
9215,6342.15,0.999997
9216,6342.16,0.999996
9217,6342.17,0.999995
9218,6342.18,0.999994
9219,6342.19,0.999991
9220,6342.2,0.999986
9221,6342.21,0.999978
9222,6342.22,0.999965
9223,6342.23,0.999947
9224,6342.24,0.999927
9225,6342.25,0.999912
9226,6342.26,0.999908
9227,6342.27,0.999919
9228,6342.28,0.999938
9229,6342.29,0.999958
9230,6342.3,0.999973
9231,6342.31,0.999983
9232,6342.32,0.999989
9233,6342.33,0.999993
9234,6342.34,0.999995
9235,6342.35,0.999996
9236,6342.36,0.999997
9237,6342.37,0.999997
9238,6342.38,0.999998
9239,6342.39,0.999998
9240,6342.4,0.999998
9241,6342.41,0.999999
9242,6342.42,0.999999
9243,6342.43,0.999999
9244,6342.44,0.999999
9245,6342.45,0.999999
9246,6342.46,0.999999
9247,6342.47,0.999999
9248,6342.48,0.999999
9249,6342.49,0.999999
9250,6342.5,0.999999
9251,6342.51,0.999999
9252,6342.52,1.0
9253,6342.53,1.0
9254,6342.54,1.0
9255,6342.55,1.0
9256,6342.56,1.0
9257,6342.57,1.0
9258,6342.58,1.0
9259,6342.59,1.0
9260,6342.6,1.0
9261,6342.61,1.0
9262,6342.62,1.0
9263,6342.63,1.0
9264,6342.64,1.0
9265,6342.65,1.0
9266,6342.66,1.0
9267,6342.67,1.0
9268,6342.68,1.0
9269,6342.69,1.0
9270,6342.7,1.0
9271,6342.71,1.0
9272,6342.72,0.999999
9273,6342.73,0.999999
9274,6342.74,0.999999
9275,6342.75,0.999999
9276,6342.76,0.999999
9277,6342.77,0.999999
9278,6342.78,0.999999
9279,6342.79,0.999999
9280,6342.8,0.999999
9281,6342.81,0.999999
9282,6342.82,0.999999
9283,6342.83,0.999999
9284,6342.84,0.999998
9285,6342.85,0.999998
9286,6342.86,0.999998
9287,6342.87,0.999998
9288,6342.88,0.999997
9289,6342.89,0.999997
9290,6342.9,0.999996
9291,6342.91,0.999995
9292,6342.92,0.999994
9293,6342.93,0.999992
9294,6342.94,0.999988
9295,6342.95,0.999982
9296,6342.96,0.99997
9297,6342.97,0.999951
9298,6342.98,0.999924
9299,6342.99,0.999893
9300,6343.0,0.999868
9301,6343.01,0.999862
9302,6343.02,0.999877
9303,6343.03,0.999907
9304,6343.04,0.999937
9305,6343.05,0.999961
9306,6343.06,0.999976
9307,6343.07,0.999985
9308,6343.08,0.99999
9309,6343.09,0.999993
9310,6343.1,0.999995
9311,6343.11,0.999996
9312,6343.12,0.999996
9313,6343.13,0.999997
9314,6343.14,0.999998
9315,6343.15,0.999998
9316,6343.16,0.999998
9317,6343.17,0.999998
9318,6343.18,0.999999
9319,6343.19,0.999999
9320,6343.2,0.999999
9321,6343.21,0.999999
9322,6343.22,0.999999
9323,6343.23,0.999999
9324,6343.24,0.999999
9325,6343.25,0.999999
9326,6343.26,0.999999
9327,6343.27,0.999999
9328,6343.28,0.999999
9329,6343.29,1.0
9330,6343.3,1.0
9331,6343.31,1.0
9332,6343.32,1.0
9333,6343.33,1.0
9334,6343.34,1.0
9335,6343.35,1.0
9336,6343.36,1.0
9337,6343.37,1.0
9338,6343.38,1.0
9339,6343.39,1.0
9340,6343.4,1.0
9341,6343.41,1.0
9342,6343.42,1.0
9343,6343.43,1.0
9344,6343.44,1.0
9345,6343.45,1.0
9346,6343.46,1.0
9347,6343.47,1.0
9348,6343.48,1.0
9349,6343.49,1.0
9350,6343.5,1.0
9351,6343.51,1.0
9352,6343.52,1.0
9353,6343.53,1.0
9354,6343.54,1.0
9355,6343.55,1.0
9356,6343.56,1.0
9357,6343.57,1.0
9358,6343.58,1.0
9359,6343.59,1.0
9360,6343.6,1.0
9361,6343.61,1.0
9362,6343.62,1.0
9363,6343.63,1.0
9364,6343.64,1.0
9365,6343.65,1.0
9366,6343.66,1.0
9367,6343.67,1.0
9368,6343.68,1.0
9369,6343.69,1.0
9370,6343.7,1.0
9371,6343.71,1.0
9372,6343.72,1.0
9373,6343.73,1.0
9374,6343.74,1.0
9375,6343.75,1.0
9376,6343.76,1.0
9377,6343.77,1.0
9378,6343.78,1.0
9379,6343.79,1.0
9380,6343.8,1.0
9381,6343.81,1.0
9382,6343.82,1.0
9383,6343.83,1.0
9384,6343.84,1.0
9385,6343.85,1.0
9386,6343.86,1.0
9387,6343.87,1.0
9388,6343.88,1.0
9389,6343.89,1.0
9390,6343.9,1.0
9391,6343.91,1.0
9392,6343.92,1.0
9393,6343.93,1.0
9394,6343.94,1.0
9395,6343.95,1.0
9396,6343.96,1.0
9397,6343.97,1.0
9398,6343.98,1.0
9399,6343.99,1.0
9400,6344.0,1.0
9401,6344.01,1.0
9402,6344.02,1.0
9403,6344.03,1.0
9404,6344.04,1.0
9405,6344.05,1.0
9406,6344.06,1.0
9407,6344.07,1.0
9408,6344.08,1.0
9409,6344.09,1.0
9410,6344.1,1.0
9411,6344.11,1.0
9412,6344.12,1.0
9413,6344.13,1.0
9414,6344.14,1.0
9415,6344.15,1.0
9416,6344.16,1.0
9417,6344.17,1.0
9418,6344.18,1.0
9419,6344.19,1.0
9420,6344.2,1.0
9421,6344.21,1.0
9422,6344.22,1.0
9423,6344.23,1.0
9424,6344.24,1.0
9425,6344.25,1.0
9426,6344.26,1.0
9427,6344.27,1.0
9428,6344.28,1.0
9429,6344.29,1.0
9430,6344.3,1.0
9431,6344.31,1.0
9432,6344.32,1.0
9433,6344.33,1.0
9434,6344.34,1.0
9435,6344.35,1.0
9436,6344.36,1.0
9437,6344.37,1.0
9438,6344.38,1.0
9439,6344.39,1.0
9440,6344.4,1.0
9441,6344.41,1.0
9442,6344.42,1.0
9443,6344.43,1.0
9444,6344.44,1.0
9445,6344.45,1.0
9446,6344.46,1.0
9447,6344.47,1.0
9448,6344.48,1.0
9449,6344.49,1.0
9450,6344.5,1.0
9451,6344.51,1.0
9452,6344.52,1.0
9453,6344.53,1.0
9454,6344.54,1.0
9455,6344.55,1.0
9456,6344.56,1.0
9457,6344.57,1.0
9458,6344.58,1.0
9459,6344.59,1.0
9460,6344.6,1.0
9461,6344.61,1.0
9462,6344.62,1.0
9463,6344.63,1.0
9464,6344.64,1.0
9465,6344.65,1.0
9466,6344.66,1.0
9467,6344.67,1.0
9468,6344.68,1.0
9469,6344.69,1.0
9470,6344.7,1.0
9471,6344.71,1.0
9472,6344.72,1.0
9473,6344.73,1.0
9474,6344.74,1.0
9475,6344.75,1.0
9476,6344.76,1.0
9477,6344.77,1.0
9478,6344.78,1.0
9479,6344.79,1.0
9480,6344.8,1.0
9481,6344.81,1.0
9482,6344.82,1.0
9483,6344.83,1.0
9484,6344.84,1.0
9485,6344.85,1.0
9486,6344.86,1.0
9487,6344.87,1.0
9488,6344.88,1.0
9489,6344.89,1.0
9490,6344.9,1.0
9491,6344.91,1.0
9492,6344.92,1.0
9493,6344.93,1.0
9494,6344.94,1.0
9495,6344.95,1.0
9496,6344.96,1.0
9497,6344.97,1.0
9498,6344.98,1.0
9499,6344.99,1.0
9500,6345.0,1.0
9501,6345.01,1.0
9502,6345.02,1.0
9503,6345.03,1.0
9504,6345.04,1.0
9505,6345.05,1.0
9506,6345.06,1.0
9507,6345.07,1.0
9508,6345.08,1.0
9509,6345.09,1.0
9510,6345.1,1.0
9511,6345.11,1.0
9512,6345.12,1.0
9513,6345.13,1.0
9514,6345.14,1.0
9515,6345.15,1.0
9516,6345.16,1.0
9517,6345.17,1.0
9518,6345.18,1.0
9519,6345.19,1.0
9520,6345.2,1.0
9521,6345.21,1.0
9522,6345.22,1.0
9523,6345.23,1.0
9524,6345.24,1.0
9525,6345.25,1.0
9526,6345.26,1.0
9527,6345.27,1.0
9528,6345.28,1.0
9529,6345.29,1.0
9530,6345.3,1.0
9531,6345.31,1.0
9532,6345.32,1.0
9533,6345.33,1.0
9534,6345.34,1.0
9535,6345.35,1.0
9536,6345.36,1.0
9537,6345.37,1.0
9538,6345.38,1.0
9539,6345.39,1.0
9540,6345.4,1.0
9541,6345.41,1.0
9542,6345.42,1.0
9543,6345.43,1.0
9544,6345.44,1.0
9545,6345.45,1.0
9546,6345.46,1.0
9547,6345.47,1.0
9548,6345.48,1.0
9549,6345.49,1.0
9550,6345.5,1.0
9551,6345.51,1.0
9552,6345.52,1.0
9553,6345.53,1.0
9554,6345.54,0.999999
9555,6345.55,0.999999
9556,6345.56,0.999999
9557,6345.57,0.999999
9558,6345.58,0.999999
9559,6345.59,0.999999
9560,6345.6,0.999999
9561,6345.61,0.999999
9562,6345.62,0.999999
9563,6345.63,0.999999
9564,6345.64,0.999999
9565,6345.65,0.999998
9566,6345.66,0.999998
9567,6345.67,0.999998
9568,6345.68,0.999998
9569,6345.69,0.999998
9570,6345.7,0.999998
9571,6345.71,0.999997
9572,6345.72,0.999997
9573,6345.73,0.999997
9574,6345.74,0.999997
9575,6345.75,0.999996
9576,6345.76,0.999996
9577,6345.77,0.999996
9578,6345.78,0.999995
9579,6345.79,0.999995
9580,6345.8,0.999994
9581,6345.81,0.999994
9582,6345.82,0.999993
9583,6345.83,0.999992
9584,6345.84,0.999991
9585,6345.85,0.999991
9586,6345.86,0.999989
9587,6345.87,0.999988
9588,6345.88,0.999987
9589,6345.89,0.999985
9590,6345.9,0.999983
9591,6345.91,0.999981
9592,6345.92,0.999978
9593,6345.93,0.999975
9594,6345.94,0.99997
9595,6345.95,0.999965
9596,6345.96,0.999958
9597,6345.97,0.999949
9598,6345.98,0.999937
9599,6345.99,0.999919
9600,6346.0,0.999893
9601,6346.01,0.999847
9602,6346.02,0.99976
9603,6346.03,0.999587
9604,6346.04,0.999246
9605,6346.05,0.998642
9606,6346.06,0.997749
9607,6346.07,0.996763
9608,6346.08,0.99613
9609,6346.09,0.996226
9610,6346.1,0.996986
9611,6346.11,0.997977
9612,6346.12,0.998807
9613,6346.13,0.999341
9614,6346.14,0.999634
9615,6346.15,0.999782
9616,6346.16,0.999858
9617,6346.17,0.999898
9618,6346.18,0.999923
9619,6346.19,0.999939
9620,6346.2,0.999951
9621,6346.21,0.999959
9622,6346.22,0.999966
9623,6346.23,0.999971
9624,6346.24,0.999975
9625,6346.25,0.999978
9626,6346.26,0.999981
9627,6346.27,0.999983
9628,6346.28,0.999985
9629,6346.29,0.999986
9630,6346.3,0.999988
9631,6346.31,0.999989
9632,6346.32,0.99999
9633,6346.33,0.99999
9634,6346.34,0.999991
9635,6346.35,0.999992
9636,6346.36,0.999992
9637,6346.37,0.999993
9638,6346.38,0.999993
9639,6346.39,0.999993
9640,6346.4,0.999993
9641,6346.41,0.999994
9642,6346.42,0.999994
9643,6346.43,0.999994
9644,6346.44,0.999994
9645,6346.45,0.999994
9646,6346.46,0.999994
9647,6346.47,0.999993
9648,6346.48,0.999993
9649,6346.49,0.999993
9650,6346.5,0.999993
9651,6346.51,0.999992
9652,6346.52,0.999992
9653,6346.53,0.999991
9654,6346.54,0.99999
9655,6346.55,0.99999
9656,6346.56,0.999989
9657,6346.57,0.999988
9658,6346.58,0.999986
9659,6346.59,0.999985
9660,6346.6,0.999983
9661,6346.61,0.999981
9662,6346.62,0.999979
9663,6346.63,0.999975
9664,6346.64,0.999972
9665,6346.65,0.999967
9666,6346.66,0.999961
9667,6346.67,0.999953
9668,6346.68,0.999943
9669,6346.69,0.999928
9670,6346.7,0.999907
9671,6346.71,0.999874
9672,6346.72,0.999814
9673,6346.73,0.999697
9674,6346.74,0.999462
9675,6346.75,0.999013
9676,6346.76,0.99826
9677,6346.77,0.997246
9678,6346.78,0.996295
9679,6346.79,0.995903
9680,6346.8,0.996313
9681,6346.81,0.997263
9682,6346.82,0.998267
9683,6346.83,0.999013
9684,6346.84,0.999459
9685,6346.85,0.999693
9686,6346.86,0.999811
9687,6346.87,0.999872
9688,6346.88,0.999906
9689,6346.89,0.999928
9690,6346.9,0.999942
9691,6346.91,0.999953
9692,6346.92,0.999961
9693,6346.93,0.999967
9694,6346.94,0.999972
9695,6346.95,0.999976
9696,6346.96,0.999979
9697,6346.97,0.999982
9698,6346.98,0.999984
9699,6346.99,0.999986
9700,6347.0,0.999987
9701,6347.01,0.999989
9702,6347.02,0.99999
9703,6347.03,0.999991
9704,6347.04,0.999992
9705,6347.05,0.999992
9706,6347.06,0.999993
9707,6347.07,0.999994
9708,6347.08,0.999994
9709,6347.09,0.999995
9710,6347.1,0.999995
9711,6347.11,0.999996
9712,6347.12,0.999996
9713,6347.13,0.999996
9714,6347.14,0.999997
9715,6347.15,0.999997
9716,6347.16,0.999997
9717,6347.17,0.999997
9718,6347.18,0.999998
9719,6347.19,0.999998
9720,6347.2,0.999998
9721,6347.21,0.999998
9722,6347.22,0.999998
9723,6347.23,0.999999
9724,6347.24,0.999999
9725,6347.25,0.999999
9726,6347.26,0.999999
9727,6347.27,0.999999
9728,6347.28,0.999999
9729,6347.29,0.999999
9730,6347.3,0.999999
9731,6347.31,0.999999
9732,6347.32,0.999999
9733,6347.33,0.999999
9734,6347.34,0.999999
9735,6347.35,1.0
9736,6347.36,1.0
9737,6347.37,1.0
9738,6347.38,1.0
9739,6347.39,1.0
9740,6347.4,1.0
9741,6347.41,1.0
9742,6347.42,1.0
9743,6347.43,1.0
9744,6347.44,1.0
9745,6347.45,1.0
9746,6347.46,1.0
9747,6347.47,1.0
9748,6347.48,1.0
9749,6347.49,1.0
9750,6347.5,1.0
9751,6347.51,1.0
9752,6347.52,1.0
9753,6347.53,1.0
9754,6347.54,1.0
9755,6347.55,1.0
9756,6347.56,1.0
9757,6347.57,1.0
9758,6347.58,1.0
9759,6347.59,1.0
9760,6347.6,1.0
9761,6347.61,1.0
9762,6347.62,1.0
9763,6347.63,1.0
9764,6347.64,1.0
9765,6347.65,1.0
9766,6347.66,1.0
9767,6347.67,1.0
9768,6347.68,1.0
9769,6347.69,1.0
9770,6347.7,1.0
9771,6347.71,1.0
9772,6347.72,1.0
9773,6347.73,1.0
9774,6347.74,1.0
9775,6347.75,1.0
9776,6347.76,1.0
9777,6347.77,1.0
9778,6347.78,1.0
9779,6347.79,1.0
9780,6347.8,1.0
9781,6347.81,1.0
9782,6347.82,1.0
9783,6347.83,1.0
9784,6347.84,1.0
9785,6347.85,1.0
9786,6347.86,1.0
9787,6347.87,1.0
9788,6347.88,1.0
9789,6347.89,1.0
9790,6347.9,1.0
9791,6347.91,1.0
9792,6347.92,1.0
9793,6347.93,1.0
9794,6347.94,1.0
9795,6347.95,1.0
9796,6347.96,1.0
9797,6347.97,1.0
9798,6347.98,1.0
9799,6347.99,1.0
9800,6348.0,1.0
9801,6348.01,1.0
9802,6348.02,1.0
9803,6348.03,1.0
9804,6348.04,1.0
9805,6348.05,1.0
9806,6348.06,1.0
9807,6348.07,1.0
9808,6348.08,1.0
9809,6348.09,1.0
9810,6348.1,1.0
9811,6348.11,1.0
9812,6348.12,1.0
9813,6348.13,1.0
9814,6348.14,1.0
9815,6348.15,1.0
9816,6348.16,1.0
9817,6348.17,1.0
9818,6348.18,1.0
9819,6348.19,1.0
9820,6348.2,1.0
9821,6348.21,1.0
9822,6348.22,1.0
9823,6348.23,1.0
9824,6348.24,1.0
9825,6348.25,1.0
9826,6348.26,1.0
9827,6348.27,1.0
9828,6348.28,1.0
9829,6348.29,1.0
9830,6348.3,1.0
9831,6348.31,1.0
9832,6348.32,1.0
9833,6348.33,1.0
9834,6348.34,1.0
9835,6348.35,1.0
9836,6348.36,1.0
9837,6348.37,1.0
9838,6348.38,1.0
9839,6348.39,1.0
9840,6348.4,1.0
9841,6348.41,1.0
9842,6348.42,1.0
9843,6348.43,1.0
9844,6348.44,1.0
9845,6348.45,1.0
9846,6348.46,1.0
9847,6348.47,1.0
9848,6348.48,1.0
9849,6348.49,1.0
9850,6348.5,1.0
9851,6348.51,1.0
9852,6348.52,1.0
9853,6348.53,1.0
9854,6348.54,1.0
9855,6348.55,1.0
9856,6348.56,1.0
9857,6348.57,1.0
9858,6348.58,1.0
9859,6348.59,1.0
9860,6348.6,1.0
9861,6348.61,1.0
9862,6348.62,1.0
9863,6348.63,1.0
9864,6348.64,1.0
9865,6348.65,1.0
9866,6348.66,1.0
9867,6348.67,1.0
9868,6348.68,1.0
9869,6348.69,1.0
9870,6348.7,1.0
9871,6348.71,1.0
9872,6348.72,1.0
9873,6348.73,1.0
9874,6348.74,1.0
9875,6348.75,1.0
9876,6348.76,1.0
9877,6348.77,1.0
9878,6348.78,1.0
9879,6348.79,1.0
9880,6348.8,1.0
9881,6348.81,1.0
9882,6348.82,1.0
9883,6348.83,1.0
9884,6348.84,1.0
9885,6348.85,1.0
9886,6348.86,1.0
9887,6348.87,1.0
9888,6348.88,1.0
9889,6348.89,1.0
9890,6348.9,1.0
9891,6348.91,1.0
9892,6348.92,1.0
9893,6348.93,1.0
9894,6348.94,1.0
9895,6348.95,1.0
9896,6348.96,1.0
9897,6348.97,1.0
9898,6348.98,1.0
9899,6348.99,1.0
9900,6349.0,1.0
9901,6349.01,1.0
9902,6349.02,1.0
9903,6349.03,1.0
9904,6349.04,1.0
9905,6349.05,1.0
9906,6349.06,1.0
9907,6349.07,1.0
9908,6349.08,1.0
9909,6349.09,1.0
9910,6349.1,1.0
9911,6349.11,1.0
9912,6349.12,1.0
9913,6349.13,1.0
9914,6349.14,1.0
9915,6349.15,1.0
9916,6349.16,1.0
9917,6349.17,1.0
9918,6349.18,1.0
9919,6349.19,1.0
9920,6349.2,1.0
9921,6349.21,1.0
9922,6349.22,1.0
9923,6349.23,1.0
9924,6349.24,1.0
9925,6349.25,1.0
9926,6349.26,1.0
9927,6349.27,1.0
9928,6349.28,1.0
9929,6349.29,1.0
9930,6349.3,1.0
9931,6349.31,1.0
9932,6349.32,1.0
9933,6349.33,1.0
9934,6349.34,1.0
9935,6349.35,1.0
9936,6349.36,1.0
9937,6349.37,1.0
9938,6349.38,1.0
9939,6349.39,1.0
9940,6349.4,1.0
9941,6349.41,1.0
9942,6349.42,1.0
9943,6349.43,1.0
9944,6349.44,1.0
9945,6349.45,1.0
9946,6349.46,1.0
9947,6349.47,1.0
9948,6349.48,1.0
9949,6349.49,1.0
9950,6349.5,1.0
9951,6349.51,1.0
9952,6349.52,1.0
9953,6349.53,1.0
9954,6349.54,1.0
9955,6349.55,1.0
9956,6349.56,1.0
9957,6349.57,1.0
9958,6349.58,1.0
9959,6349.59,1.0
9960,6349.6,1.0
9961,6349.61,1.0
9962,6349.62,1.0
9963,6349.63,1.0
9964,6349.64,1.0
9965,6349.65,1.0
9966,6349.66,1.0
9967,6349.67,1.0
9968,6349.68,1.0
9969,6349.69,1.0
9970,6349.7,1.0
9971,6349.71,1.0
9972,6349.72,1.0
9973,6349.73,1.0
9974,6349.74,1.0
9975,6349.75,1.0
9976,6349.76,1.0
9977,6349.77,1.0
9978,6349.78,1.0
9979,6349.79,1.0
9980,6349.8,1.0
9981,6349.81,1.0
9982,6349.82,1.0
9983,6349.83,1.0
9984,6349.84,1.0
9985,6349.85,1.0
9986,6349.86,1.0
9987,6349.87,1.0
9988,6349.88,1.0
9989,6349.89,1.0
9990,6349.9,1.0
9991,6349.91,1.0
9992,6349.92,1.0
9993,6349.93,1.0
9994,6349.94,1.0
9995,6349.95,1.0
9996,6349.96,1.0
9997,6349.97,1.0
9998,6349.98,1.0
9999,6349.99,1.0
